<TICKER>;<PER>;<DATE>;<TIME>;<OPEN>;<HIGH>;<LOW>;<CLOSE>;<VOL>
YNDX;D;20140604;000000;1.546.7000000;1.546.8000000;1.163.0000000;1.170.0000000;35.146
YNDX;D;20140605;000000;1.175.0000000;1.195.0000000;1.141.1000000;1.145.1000000;24.973
YNDX;D;20140606;000000;1.158.3000000;1.173.5000000;1.151.0000000;1.163.0000000;7.889
YNDX;D;20140609;000000;1.178.9000000;1.185.6000000;1.155.7000000;1.172.1000000;7.304
YNDX;D;20140610;000000;1.172.1000000;1.181.0000000;1.160.1000000;1.170.0000000;3.207
YNDX;D;20140611;000000;1.175.0000000;1.183.0000000;1.157.1000000;1.179.9000000;8.837
YNDX;D;20140616;000000;1.164.0000000;1.181.2000000;1.150.0000000;1.165.0000000;13.904
YNDX;D;20140617;000000;1.166.9000000;1.187.7000000;1.166.9000000;1.185.5000000;8.517
YNDX;D;20140618;000000;1.180.1000000;1.185.0000000;1.176.0000000;1.182.9000000;1.455
YNDX;D;20140619;000000;1.176.0000000;1.182.7000000;1.165.0000000;1.168.0000000;1.396
YNDX;D;20140620;000000;1.165.2000000;1.179.0000000;1.160.0000000;1.175.0000000;2.702
YNDX;D;20140623;000000;1.185.0000000;1.218.8000000;1.185.0000000;1.196.0000000;14.081
YNDX;D;20140624;000000;1.200.0000000;1.208.9000000;1.191.0000000;1.191.8000000;3.895
YNDX;D;20140625;000000;1.185.0000000;1.195.0000000;1.153.1000000;1.176.8000000;3.949
YNDX;D;20140626;000000;1.185.0000000;1.188.5000000;1.168.9000000;1.185.0000000;2.392
YNDX;D;20140627;000000;1.172.1000000;1.197.0000000;1.165.0000000;1.185.0000000;1.148
YNDX;D;20140630;000000;1.189.9000000;1.218.1000000;1.184.1000000;1.218.0000000;8.749
YNDX;D;20140701;000000;1.212.5000000;1.239.8000000;1.212.5000000;1.218.2000000;3.036
YNDX;D;20140702;000000;1.218.0000000;1.220.0000000;1.195.0000000;1.200.0000000;33.473
YNDX;D;20140703;000000;1.188.9000000;1.213.8000000;1.184.0000000;1.192.0000000;25.562
YNDX;D;20140704;000000;1.184.9000000;1.204.9000000;1.183.0000000;1.186.0000000;2.133
YNDX;D;20140707;000000;1.200.0000000;1.211.8000000;1.152.0000000;1.160.0000000;19.359
YNDX;D;20140708;000000;1.165.0000000;1.180.0000000;1.100.0000000;1.113.4000000;26.565
YNDX;D;20140709;000000;1.100.0000000;1.111.0000000;1.073.8000000;1.094.0000000;19.416
YNDX;D;20140710;000000;1.100.0000000;1.125.7000000;1.061.5000000;1.077.8000000;11.216
YNDX;D;20140711;000000;1.072.2000000;1.101.5000000;1.056.0000000;1.099.3000000;35.563
YNDX;D;20140714;000000;1.095.1000000;1.123.5000000;1.090.2000000;1.118.9000000;6.192
YNDX;D;20140715;000000;1.123.3000000;1.127.5000000;1.110.0000000;1.114.3000000;2.789
YNDX;D;20140716;000000;1.114.2000000;1.115.5000000;1.098.1000000;1.106.5000000;7.340
YNDX;D;20140717;000000;1.098.0000000;1.107.5000000;1.067.6000000;1.088.0000000;7.221
YNDX;D;20140718;000000;1.080.4000000;1.081.4000000;1.054.1000000;1.072.3000000;7.144
YNDX;D;20140721;000000;1.080.0000000;1.081.4000000;1.035.0000000;1.047.5000000;8.353
YNDX;D;20140722;000000;1.050.4000000;1.060.0000000;1.043.9000000;1.060.0000000;10.468
YNDX;D;20140723;000000;1.061.4000000;1.062.0000000;1.047.4000000;1.056.2000000;5.286
YNDX;D;20140724;000000;1.056.2000000;1.093.4000000;1.048.3000000;1.077.8000000;5.186
YNDX;D;20140725;000000;1.077.8000000;1.109.4000000;1.070.1000000;1.075.1000000;5.127
YNDX;D;20140728;000000;1.060.2000000;1.075.0000000;1.050.1000000;1.055.0000000;3.992
YNDX;D;20140729;000000;1.055.1000000;1.147.6000000;1.055.1000000;1.116.0000000;11.794
YNDX;D;20140730;000000;1.112.3000000;1.129.8000000;1.106.0000000;1.120.0000000;3.075
YNDX;D;20140731;000000;1.129.9000000;1.129.9000000;1.081.1000000;1.087.7000000;4.886
YNDX;D;20140801;000000;1.096.9000000;1.096.9000000;1.060.0000000;1.062.2000000;6.621
YNDX;D;20140804;000000;1.073.2000000;1.101.9000000;1.072.7000000;1.089.5000000;7.073
YNDX;D;20140805;000000;1.101.3000000;1.110.9000000;1.076.1000000;1.094.6000000;528
YNDX;D;20140806;000000;1.076.1000000;1.076.1000000;1.043.0000000;1.060.1000000;3.329
YNDX;D;20140807;000000;1.041.1000000;1.055.0000000;1.041.1000000;1.054.5000000;3.528
YNDX;D;20140808;000000;1.055.4000000;1.055.4000000;1.033.5000000;1.033.5000000;7.617
YNDX;D;20140811;000000;1.040.0000000;1.071.9000000;1.040.0000000;1.053.0000000;13.759
YNDX;D;20140812;000000;1.050.0000000;1.070.0000000;1.027.9000000;1.052.1000000;15.203
YNDX;D;20140813;000000;1.050.0000000;1.067.0000000;1.045.1000000;1.054.6000000;2.194
YNDX;D;20140814;000000;1.047.5000000;1.065.4000000;1.040.0000000;1.053.1000000;3.752
YNDX;D;20140815;000000;1.040.6000000;1.060.0000000;1.040.0000000;1.041.0000000;3.461
YNDX;D;20140818;000000;1.025.0000000;1.038.4000000;1.025.0000000;1.032.0000000;5.929
YNDX;D;20140819;000000;1.046.8000000;1.100.0000000;1.040.0000000;1.089.0000000;16.771
YNDX;D;20140820;000000;1.081.3000000;1.116.9000000;1.081.3000000;1.109.7000000;6.577
YNDX;D;20140821;000000;1.098.1000000;1.103.3000000;1.085.7000000;1.089.2000000;10.737
YNDX;D;20140822;000000;1.085.0000000;1.085.0000000;1.041.0000000;1.050.0000000;16.800
YNDX;D;20140825;000000;1.054.0000000;1.066.9000000;1.051.0000000;1.061.6000000;2.679
YNDX;D;20140826;000000;1.062.0000000;1.068.0000000;1.056.0000000;1.056.0000000;3.465
YNDX;D;20140827;000000;1.059.8000000;1.062.1000000;1.058.0000000;1.062.1000000;457
YNDX;D;20140828;000000;1.050.2000000;1.060.0000000;1.041.0000000;1.055.0000000;10.192
YNDX;D;20140829;000000;1.047.0000000;1.061.6000000;1.044.9000000;1.050.0000000;7.012
YNDX;D;20140901;000000;1.061.7000000;1.061.7000000;1.050.5000000;1.055.5000000;184
YNDX;D;20140902;000000;1.059.5000000;1.092.9000000;1.057.5000000;1.087.6000000;1.756
YNDX;D;20140903;000000;1.089.9000000;1.133.3000000;1.079.8000000;1.116.8000000;49.804
YNDX;D;20140904;000000;1.124.0000000;1.133.9000000;1.100.1000000;1.119.0000000;13.818
YNDX;D;20140905;000000;1.109.9000000;1.160.0000000;1.106.3000000;1.159.6000000;15.060
YNDX;D;20140908;000000;1.168.0000000;1.537.8000000;1.159.7000000;1.173.7000000;12.370
YNDX;D;20140909;000000;1.170.0000000;1.170.0000000;1.157.3000000;1.157.3000000;1.918
YNDX;D;20140910;000000;1.150.1000000;1.168.5000000;1.141.1000000;1.149.0000000;3.514
YNDX;D;20140911;000000;1.154.0000000;1.174.0000000;1.148.5000000;1.149.9000000;3.651
YNDX;D;20140912;000000;1.144.1000000;1.200.9000000;1.144.1000000;1.173.7000000;4.322
YNDX;D;20140915;000000;1.187.7000000;1.230.0000000;1.175.0000000;1.230.0000000;26.905
YNDX;D;20140916;000000;1.185.0000000;1.549.9000000;1.167.1000000;1.176.8000000;41.461
YNDX;D;20140917;000000;1.190.0000000;1.212.9000000;1.165.0000000;1.174.1000000;22.336
YNDX;D;20140918;000000;1.173.7000000;1.205.0000000;1.159.2000000;1.164.1000000;17.206
YNDX;D;20140919;000000;1.162.0000000;1.177.0000000;1.121.6000000;1.148.5000000;18.414
YNDX;D;20140922;000000;1.159.9000000;1.179.0000000;1.113.0000000;1.135.2000000;9.633
YNDX;D;20140923;000000;1.115.0000000;1.144.8000000;1.103.0000000;1.125.0000000;11.478
YNDX;D;20140924;000000;1.125.0000000;1.146.4000000;1.112.0000000;1.130.0000000;12.744
YNDX;D;20140925;000000;1.149.0000000;1.171.6000000;1.141.4000000;1.154.0000000;16.402
YNDX;D;20140926;000000;1.154.1000000;1.168.8000000;1.112.1000000;1.162.0000000;8.653
YNDX;D;20140929;000000;1.163.9000000;1.180.0000000;1.120.6000000;1.131.3000000;15.825
YNDX;D;20140930;000000;1.119.8000000;1.160.0000000;1.114.1000000;1.130.7000000;18.896
YNDX;D;20141001;000000;1.107.0000000;1.116.0000000;1.077.0000000;1.091.0000000;10.869
YNDX;D;20141002;000000;1.072.0000000;1.076.0000000;1.032.0000000;1.035.0000000;9.479
YNDX;D;20141003;000000;1.065.0000000;1.084.0000000;1.056.0000000;1.078.0000000;7.397
YNDX;D;20141006;000000;1.081.0000000;1.107.0000000;1.078.0000000;1.082.0000000;12.208
YNDX;D;20141007;000000;1.077.0000000;1.080.0000000;1.060.0000000;1.069.0000000;6.037
YNDX;D;20141008;000000;1.061.0000000;1.061.0000000;1.035.0000000;1.036.0000000;5.456
YNDX;D;20141009;000000;1.047.0000000;1.058.0000000;1.037.0000000;1.037.0000000;3.451
YNDX;D;20141010;000000;1.045.0000000;1.046.0000000;1.006.0000000;1.011.0000000;4.958
YNDX;D;20141013;000000;1.027.0000000;1.048.0000000;986.0000000;996.0000000;18.937
YNDX;D;20141014;000000;1.011.0000000;1.050.0000000;1.010.0000000;1.050.0000000;17.501
YNDX;D;20141015;000000;1.031.0000000;1.055.0000000;1.001.0000000;1.015.0000000;15.854
YNDX;D;20141016;000000;1.026.0000000;1.049.0000000;1.010.0000000;1.035.0000000;11.639
YNDX;D;20141017;000000;1.040.0000000;1.105.0000000;1.040.0000000;1.077.0000000;19.695
YNDX;D;20141020;000000;1.080.0000000;1.092.0000000;1.060.0000000;1.072.0000000;7.157
YNDX;D;20141021;000000;1.078.0000000;1.104.0000000;1.076.0000000;1.096.0000000;7.164
YNDX;D;20141022;000000;1.115.0000000;1.127.0000000;1.106.0000000;1.125.0000000;12.202
YNDX;D;20141023;000000;1.090.0000000;1.180.0000000;1.075.0000000;1.155.0000000;41.502
YNDX;D;20141024;000000;1.147.0000000;1.168.0000000;1.132.0000000;1.142.0000000;11.694
YNDX;D;20141027;000000;1.150.0000000;1.176.0000000;1.136.0000000;1.153.0000000;4.996
YNDX;D;20141028;000000;1.157.0000000;1.196.0000000;1.157.0000000;1.196.0000000;17.959
YNDX;D;20141029;000000;1.211.0000000;1.232.0000000;1.202.0000000;1.208.0000000;14.239
YNDX;D;20141030;000000;1.212.0000000;1.240.0000000;1.166.0000000;1.174.0000000;17.743
YNDX;D;20141031;000000;1.171.0000000;1.237.0000000;1.160.0000000;1.213.0000000;39.161
YNDX;D;20141103;000000;1.232.0000000;1.250.0000000;1.200.0000000;1.233.0000000;3.698
YNDX;D;20141105;000000;1.205.0000000;1.247.0000000;1.172.0000000;1.214.0000000;8.978
YNDX;D;20141106;000000;1.228.0000000;1.277.0000000;1.221.0000000;1.229.0000000;12.389
YNDX;D;20141107;000000;1.242.0000000;1.350.0000000;1.205.0000000;1.233.0000000;13.308
YNDX;D;20141110;000000;1.243.0000000;1.300.0000000;1.156.0000000;1.214.0000000;16.825
YNDX;D;20141111;000000;1.232.0000000;1.248.0000000;1.182.0000000;1.221.0000000;9.302
YNDX;D;20141112;000000;1.226.0000000;1.232.0000000;1.186.0000000;1.221.0000000;4.480
YNDX;D;20141113;000000;1.222.0000000;1.332.0000000;1.220.0000000;1.230.0000000;4.985
YNDX;D;20141114;000000;1.231.0000000;1.298.0000000;1.210.0000000;1.224.0000000;3.532
YNDX;D;20141117;000000;1.225.0000000;1.253.0000000;1.223.0000000;1.230.0000000;2.447
YNDX;D;20141118;000000;1.224.0000000;1.234.0000000;1.212.0000000;1.224.0000000;5.123
YNDX;D;20141119;000000;1.221.0000000;1.222.0000000;1.204.0000000;1.206.0000000;1.726
YNDX;D;20141120;000000;1.206.0000000;1.212.0000000;1.194.0000000;1.209.0000000;3.247
YNDX;D;20141121;000000;1.206.0000000;1.231.0000000;1.180.0000000;1.226.0000000;10.804
YNDX;D;20141124;000000;1.207.0000000;1.251.0000000;1.174.0000000;1.183.0000000;6.219
YNDX;D;20141125;000000;1.176.0000000;1.215.0000000;1.162.0000000;1.208.0000000;4.154
YNDX;D;20141126;000000;1.196.0000000;1.244.0000000;1.184.0000000;1.235.0000000;7.898
YNDX;D;20141127;000000;1.232.0000000;1.257.0000000;1.174.0000000;1.230.0000000;9.577
YNDX;D;20141128;000000;1.240.0000000;1.289.0000000;1.218.0000000;1.238.0000000;19.198
YNDX;D;20141201;000000;1.242.0000000;1.324.0000000;1.200.0000000;1.244.0000000;21.771
YNDX;D;20141202;000000;1.222.0000000;1.283.0000000;1.205.0000000;1.283.0000000;17.393
YNDX;D;20141203;000000;1.260.0000000;1.323.0000000;1.240.0000000;1.280.0000000;22.431
YNDX;D;20141204;000000;1.274.0000000;1.321.0000000;1.210.0000000;1.236.0000000;19.206
YNDX;D;20141205;000000;1.221.0000000;1.239.0000000;1.137.0000000;1.149.0000000;29.997
YNDX;D;20141208;000000;1.179.0000000;1.196.0000000;1.076.0000000;1.090.0000000;16.367
YNDX;D;20141209;000000;1.090.0000000;1.090.0000000;1.034.0000000;1.075.0000000;24.783
YNDX;D;20141210;000000;1.082.0000000;1.157.0000000;1.055.0000000;1.088.0000000;35.769
YNDX;D;20141211;000000;1.079.0000000;1.085.0000000;1.050.0000000;1.055.0000000;28.533
YNDX;D;20141212;000000;1.055.0000000;1.152.0000000;955.0000000;1.133.0000000;26.472
YNDX;D;20141215;000000;1.125.0000000;1.195.0000000;1.087.0000000;1.127.0000000;33.525
YNDX;D;20141216;000000;1.095.0000000;1.198.0000000;1.061.0000000;1.131.0000000;26.790
YNDX;D;20141217;000000;1.175.0000000;1.180.0000000;1.078.0000000;1.096.0000000;13.521
YNDX;D;20141218;000000;1.101.0000000;1.149.0000000;1.061.0000000;1.100.0000000;27.341
YNDX;D;20141219;000000;1.118.0000000;1.132.0000000;1.022.0000000;1.063.0000000;32.333
YNDX;D;20141222;000000;1.065.0000000;1.065.0000000;973.0000000;1.000.0000000;27.332
YNDX;D;20141223;000000;1.002.0000000;1.032.0000000;990.0000000;1.013.0000000;11.153
YNDX;D;20141224;000000;991.0000000;1.014.0000000;990.0000000;996.0000000;40.832
YNDX;D;20141225;000000;1.001.0000000;1.045.0000000;1.001.0000000;1.038.0000000;35.626
YNDX;D;20141226;000000;1.036.0000000;1.045.0000000;980.0000000;991.0000000;24.041
YNDX;D;20141229;000000;1.010.0000000;1.044.0000000;971.0000000;1.028.0000000;37.278
YNDX;D;20141230;000000;1.043.0000000;1.060.0000000;1.010.0000000;1.025.0000000;11.510
YNDX;D;20150105;000000;1.064.0000000;1.080.0000000;1.051.0000000;1.079.0000000;8.834
YNDX;D;20150106;000000;1.069.0000000;1.116.0000000;1.047.0000000;1.092.0000000;4.004
YNDX;D;20150108;000000;1.084.0000000;1.117.0000000;1.069.0000000;1.094.0000000;5.960
YNDX;D;20150109;000000;1.101.0000000;1.116.0000000;1.030.0000000;1.098.0000000;3.064
YNDX;D;20150112;000000;1.100.0000000;1.129.0000000;1.093.0000000;1.113.0000000;7.511
YNDX;D;20150113;000000;1.115.0000000;1.155.0000000;1.115.0000000;1.153.0000000;72.155
YNDX;D;20150114;000000;1.150.0000000;1.185.0000000;1.147.0000000;1.177.0000000;18.285
YNDX;D;20150115;000000;1.181.0000000;1.200.0000000;1.165.0000000;1.175.0000000;34.207
YNDX;D;20150116;000000;1.162.0000000;1.170.0000000;1.150.0000000;1.165.0000000;8.064
YNDX;D;20150119;000000;1.121.0000000;1.182.0000000;1.121.0000000;1.165.0000000;9.278
YNDX;D;20150120;000000;1.165.0000000;1.167.0000000;1.101.0000000;1.122.0000000;41.989
YNDX;D;20150121;000000;1.102.0000000;1.125.0000000;1.075.0000000;1.083.0000000;109.351
YNDX;D;20150122;000000;1.085.0000000;1.115.0000000;1.084.0000000;1.106.0000000;25.782
YNDX;D;20150123;000000;1.111.0000000;1.161.0000000;1.104.0000000;1.117.0000000;36.333
YNDX;D;20150126;000000;1.107.0000000;1.125.0000000;1.105.0000000;1.121.0000000;11.541
YNDX;D;20150127;000000;1.097.0000000;1.116.0000000;1.084.0000000;1.095.0000000;12.508
YNDX;D;20150128;000000;1.093.0000000;1.105.0000000;1.069.0000000;1.081.0000000;23.975
YNDX;D;20150129;000000;1.060.0000000;1.079.0000000;1.045.0000000;1.075.0000000;83.797
YNDX;D;20150130;000000;1.084.0000000;1.100.0000000;1.052.0000000;1.075.0000000;99.805
YNDX;D;20150202;000000;1.058.0000000;1.088.0000000;980.0000000;998.0000000;56.487
YNDX;D;20150203;000000;1.010.0000000;1.034.0000000;992.0000000;997.0000000;75.020
YNDX;D;20150204;000000;1.008.0000000;1.051.0000000;1.005.0000000;1.050.0000000;41.377
YNDX;D;20150205;000000;1.040.0000000;1.096.0000000;1.035.0000000;1.090.0000000;37.434
YNDX;D;20150206;000000;1.090.0000000;1.125.0000000;1.080.0000000;1.084.0000000;20.513
YNDX;D;20150209;000000;1.084.0000000;1.150.0000000;1.060.0000000;1.078.0000000;65.824
YNDX;D;20150210;000000;1.059.0000000;1.101.0000000;1.036.0000000;1.045.0000000;69.067
YNDX;D;20150211;000000;1.049.0000000;1.078.0000000;1.019.0000000;1.037.0000000;49.561
YNDX;D;20150212;000000;1.047.0000000;1.130.0000000;1.030.0000000;1.071.0000000;79.591
YNDX;D;20150213;000000;1.084.0000000;1.120.0000000;1.068.0000000;1.115.0000000;40.957
YNDX;D;20150216;000000;1.105.0000000;1.105.0000000;1.066.0000000;1.070.0000000;46.228
YNDX;D;20150217;000000;1.058.0000000;1.094.0000000;1.025.0000000;1.030.0000000;59.848
YNDX;D;20150218;000000;1.041.0000000;1.160.0000000;1.041.0000000;1.084.0000000;158.645
YNDX;D;20150219;000000;1.078.0000000;1.098.0000000;1.033.0000000;1.049.0000000;66.084
YNDX;D;20150220;000000;1.050.0000000;1.085.0000000;1.045.0000000;1.053.0000000;56.184
YNDX;D;20150224;000000;1.045.0000000;1.049.0000000;1.030.0000000;1.038.0000000;53.192
YNDX;D;20150225;000000;1.044.0000000;1.075.0000000;1.007.0000000;1.025.0000000;95.401
YNDX;D;20150226;000000;1.039.0000000;1.039.0000000;1.005.0000000;1.009.0000000;59.208
YNDX;D;20150227;000000;1.016.0000000;1.028.0000000;1.004.0000000;1.016.0000000;46.134
YNDX;D;20150302;000000;1.020.0000000;1.030.0000000;991.0000000;1.000.0000000;68.616
YNDX;D;20150303;000000;1.009.0000000;1.022.0000000;998.0000000;1.000.0000000;99.947
YNDX;D;20150304;000000;1.007.0000000;1.033.0000000;985.0000000;996.0000000;361.726
YNDX;D;20150305;000000;995.0000000;1.025.0000000;961.0000000;970.0000000;298.547
YNDX;D;20150306;000000;970.0000000;970.0000000;924.0000000;932.0000000;97.952
YNDX;D;20150310;000000;908.0000000;917.0000000;866.0000000;885.0000000;110.332
YNDX;D;20150311;000000;888.0000000;905.0000000;866.0000000;898.0000000;73.763
YNDX;D;20150312;000000;899.0000000;903.0000000;881.0000000;894.0000000;29.687
YNDX;D;20150313;000000;899.0000000;899.0000000;870.0000000;880.0000000;42.238
YNDX;D;20150316;000000;892.0000000;905.0000000;876.0000000;878.0000000;45.875
YNDX;D;20150317;000000;878.0000000;890.0000000;870.0000000;889.0000000;34.933
YNDX;D;20150318;000000;886.0000000;899.0000000;871.0000000;877.0000000;29.001
YNDX;D;20150319;000000;879.0000000;888.0000000;857.0000000;874.0000000;46.088
YNDX;D;20150320;000000;874.0000000;874.0000000;863.0000000;866.0000000;33.000
YNDX;D;20150323;000000;866.0000000;891.0000000;863.0000000;874.0000000;42.843
YNDX;D;20150324;000000;874.0000000;885.0000000;852.0000000;866.0000000;53.437
YNDX;D;20150325;000000;871.0000000;890.0000000;866.0000000;885.0000000;33.463
YNDX;D;20150326;000000;884.0000000;888.0000000;859.0000000;880.0000000;36.086
YNDX;D;20150327;000000;874.0000000;885.0000000;865.0000000;883.0000000;20.581
YNDX;D;20150330;000000;881.0000000;903.0000000;879.0000000;887.0000000;38.545
YNDX;D;20150331;000000;891.0000000;895.0000000;878.0000000;893.0000000;28.269
YNDX;D;20150401;000000;886.0000000;903.0000000;883.0000000;902.0000000;45.071
YNDX;D;20150402;000000;902.0000000;920.0000000;887.0000000;919.0000000;63.305
YNDX;D;20150403;000000;924.0000000;946.0000000;922.0000000;940.0000000;34.654
YNDX;D;20150406;000000;949.0000000;957.0000000;914.0000000;934.0000000;39.591
YNDX;D;20150407;000000;941.0000000;958.0000000;934.0000000;942.0000000;58.384
YNDX;D;20150408;000000;939.0000000;958.0000000;920.0000000;946.0000000;38.475
YNDX;D;20150409;000000;945.0000000;948.0000000;919.0000000;939.0000000;38.162
YNDX;D;20150410;000000;937.0000000;946.0000000;922.0000000;940.0000000;41.505
YNDX;D;20150413;000000;947.0000000;969.0000000;931.0000000;941.0000000;61.194
YNDX;D;20150414;000000;943.0000000;947.0000000;903.0000000;910.0000000;65.429
YNDX;D;20150415;000000;911.0000000;977.0000000;908.0000000;973.0000000;77.722
YNDX;D;20150416;000000;988.0000000;1.049.0000000;983.0000000;1.028.0000000;201.027
YNDX;D;20150417;000000;1.033.0000000;1.064.0000000;1.010.0000000;1.053.0000000;97.613
YNDX;D;20150420;000000;1.062.0000000;1.076.0000000;1.039.0000000;1.054.0000000;70.628
YNDX;D;20150421;000000;1.079.0000000;1.100.0000000;1.061.0000000;1.091.0000000;112.546
YNDX;D;20150422;000000;1.094.0000000;1.095.0000000;1.066.0000000;1.081.0000000;28.801
YNDX;D;20150423;000000;1.066.0000000;1.083.0000000;1.056.0000000;1.076.0000000;20.436
YNDX;D;20150424;000000;1.064.0000000;1.072.0000000;1.050.0000000;1.052.0000000;26.802
YNDX;D;20150427;000000;1.060.0000000;1.075.0000000;1.050.0000000;1.070.0000000;13.031
YNDX;D;20150428;000000;1.055.0000000;1.070.0000000;947.0000000;986.0000000;136.373
YNDX;D;20150429;000000;995.0000000;1.013.0000000;968.0000000;997.0000000;35.060
YNDX;D;20150430;000000;998.0000000;1.010.0000000;994.0000000;1.001.0000000;23.473
YNDX;D;20150505;000000;999.0000000;1.013.0000000;984.0000000;985.0000000;46.740
YNDX;D;20150506;000000;995.0000000;1.009.0000000;979.0000000;1.006.0000000;55.440
YNDX;D;20150507;000000;1.001.0000000;1.005.0000000;961.0000000;968.0000000;82.000
YNDX;D;20150508;000000;970.0000000;991.0000000;963.0000000;979.0000000;52.763
YNDX;D;20150512;000000;986.0000000;995.0000000;970.0000000;979.0000000;38.788
YNDX;D;20150513;000000;975.0000000;982.0000000;940.0000000;944.0000000;78.011
YNDX;D;20150514;000000;954.0000000;982.0000000;954.0000000;971.0000000;34.923
YNDX;D;20150515;000000;980.0000000;984.0000000;948.0000000;950.0000000;28.844
YNDX;D;20150518;000000;946.0000000;947.0000000;928.0000000;944.0000000;45.551
YNDX;D;20150519;000000;954.0000000;957.0000000;933.0000000;939.0000000;54.705
YNDX;D;20150520;000000;938.0000000;939.0000000;923.0000000;926.0000000;9.755
YNDX;D;20150521;000000;928.0000000;940.0000000;926.0000000;935.0000000;25.100
YNDX;D;20150522;000000;932.0000000;936.0000000;923.0000000;928.0000000;27.601
YNDX;D;20150525;000000;927.0000000;930.0000000;916.0000000;928.0000000;14.561
YNDX;D;20150526;000000;929.0000000;939.0000000;915.0000000;923.0000000;20.678
YNDX;D;20150527;000000;925.0000000;935.0000000;911.0000000;919.0000000;29.120
YNDX;D;20150528;000000;928.0000000;964.0000000;926.0000000;950.0000000;26.138
YNDX;D;20150529;000000;964.0000000;980.0000000;941.0000000;941.0000000;31.993
YNDX;D;20150601;000000;949.0000000;968.0000000;948.0000000;950.0000000;16.336
YNDX;D;20150602;000000;953.0000000;997.0000000;953.0000000;997.0000000;32.356
YNDX;D;20150603;000000;990.0000000;1.004.0000000;976.0000000;980.0000000;43.881
YNDX;D;20150604;000000;980.0000000;999.0000000;970.0000000;993.0000000;28.266
YNDX;D;20150605;000000;995.0000000;998.0000000;960.0000000;976.0000000;44.361
YNDX;D;20150608;000000;974.0000000;995.0000000;970.0000000;977.0000000;20.654
YNDX;D;20150609;000000;970.0000000;974.0000000;948.0000000;965.0000000;25.459
YNDX;D;20150610;000000;960.0000000;970.0000000;940.0000000;950.0000000;32.914
YNDX;D;20150611;000000;954.0000000;954.0000000;936.0000000;950.0000000;35.944
YNDX;D;20150615;000000;954.0000000;964.0000000;942.0000000;946.0000000;23.830
YNDX;D;20150616;000000;941.0000000;944.0000000;921.0000000;927.0000000;26.004
YNDX;D;20150617;000000;933.0000000;940.0000000;920.0000000;930.0000000;13.611
YNDX;D;20150618;000000;931.0000000;931.0000000;902.0000000;906.0000000;40.398
YNDX;D;20150619;000000;909.0000000;919.0000000;895.0000000;910.0000000;16.534
YNDX;D;20150622;000000;914.0000000;927.0000000;870.0000000;881.0000000;89.054
YNDX;D;20150623;000000;883.0000000;894.0000000;866.0000000;871.0000000;44.555
YNDX;D;20150624;000000;870.0000000;878.0000000;861.0000000;871.0000000;25.898
YNDX;D;20150625;000000;871.0000000;881.0000000;861.0000000;866.0000000;25.063
YNDX;D;20150626;000000;866.0000000;884.0000000;846.0000000;855.0000000;52.779
YNDX;D;20150629;000000;853.0000000;863.0000000;835.0000000;842.0000000;32.766
YNDX;D;20150630;000000;840.0000000;864.0000000;822.0000000;848.0000000;58.406
YNDX;D;20150701;000000;847.0000000;865.0000000;845.0000000;853.0000000;24.063
YNDX;D;20150702;000000;845.0000000;856.0000000;840.0000000;853.0000000;23.690
YNDX;D;20150703;000000;853.0000000;859.0000000;843.0000000;857.0000000;13.915
YNDX;D;20150706;000000;853.0000000;867.0000000;843.0000000;860.0000000;36.238
YNDX;D;20150707;000000;858.0000000;880.0000000;801.0000000;820.0000000;128.527
YNDX;D;20150708;000000;840.0000000;852.0000000;821.0000000;845.0000000;67.615
YNDX;D;20150709;000000;855.0000000;862.0000000;838.0000000;855.0000000;39.253
YNDX;D;20150710;000000;854.0000000;867.0000000;838.0000000;845.0000000;29.611
YNDX;D;20150713;000000;844.0000000;857.0000000;839.0000000;857.0000000;27.707
YNDX;D;20150714;000000;860.0000000;880.0000000;858.0000000;880.0000000;46.761
YNDX;D;20150715;000000;879.0000000;890.0000000;856.0000000;875.0000000;23.942
YNDX;D;20150716;000000;868.0000000;880.0000000;867.0000000;873.0000000;21.212
YNDX;D;20150717;000000;873.0000000;904.0000000;873.0000000;900.0000000;39.649
YNDX;D;20150720;000000;901.0000000;904.0000000;885.0000000;891.0000000;29.294
YNDX;D;20150721;000000;887.0000000;894.0000000;873.0000000;889.0000000;25.304
YNDX;D;20150722;000000;883.0000000;884.0000000;865.0000000;865.0000000;22.400
YNDX;D;20150723;000000;870.0000000;879.0000000;859.0000000;879.0000000;21.442
YNDX;D;20150724;000000;874.0000000;890.0000000;856.0000000;867.0000000;28.701
YNDX;D;20150727;000000;866.0000000;871.0000000;845.0000000;860.0000000;21.662
YNDX;D;20150728;000000;864.0000000;890.0000000;864.0000000;883.0000000;40.504
YNDX;D;20150729;000000;883.0000000;914.0000000;880.0000000;903.0000000;25.671
YNDX;D;20150730;000000;905.0000000;929.0000000;884.0000000;898.0000000;99.490
YNDX;D;20150731;000000;886.0000000;887.0000000;850.0000000;882.0000000;96.142
YNDX;D;20150803;000000;872.0000000;886.0000000;845.0000000;866.0000000;45.732
YNDX;D;20150804;000000;866.0000000;885.0000000;860.0000000;869.0000000;23.533
YNDX;D;20150805;000000;868.0000000;885.0000000;864.0000000;878.0000000;21.998
YNDX;D;20150806;000000;880.0000000;880.0000000;844.0000000;850.0000000;75.981
YNDX;D;20150807;000000;854.0000000;869.0000000;854.0000000;860.0000000;28.438
YNDX;D;20150810;000000;862.0000000;870.0000000;853.0000000;858.0000000;23.214
YNDX;D;20150811;000000;858.0000000;869.0000000;846.0000000;851.0000000;52.602
YNDX;D;20150812;000000;853.0000000;858.0000000;825.0000000;830.0000000;101.179
YNDX;D;20150813;000000;836.0000000;851.0000000;831.0000000;839.0000000;95.828
YNDX;D;20150814;000000;837.0000000;846.0000000;821.0000000;831.0000000;64.739
YNDX;D;20150817;000000;828.0000000;847.0000000;825.0000000;835.0000000;64.859
YNDX;D;20150818;000000;831.0000000;831.0000000;812.0000000;819.0000000;42.911
YNDX;D;20150819;000000;822.0000000;832.0000000;790.0000000;799.0000000;125.769
YNDX;D;20150820;000000;800.0000000;809.0000000;773.0000000;780.0000000;76.743
YNDX;D;20150821;000000;778.0000000;787.0000000;762.0000000;770.0000000;60.536
YNDX;D;20150824;000000;741.0000000;762.0000000;711.0000000;738.0000000;163.304
YNDX;D;20150825;000000;739.0000000;769.0000000;732.0000000;764.0000000;111.466
YNDX;D;20150826;000000;754.0000000;767.0000000;737.0000000;742.0000000;103.693
YNDX;D;20150827;000000;747.0000000;780.0000000;746.0000000;776.0000000;121.195
YNDX;D;20150828;000000;786.0000000;806.0000000;783.0000000;800.0000000;99.452
YNDX;D;20150831;000000;801.0000000;814.0000000;791.0000000;805.0000000;78.096
YNDX;D;20150901;000000;797.0000000;807.0000000;770.0000000;782.0000000;93.881
YNDX;D;20150902;000000;772.0000000;797.0000000;772.0000000;780.0000000;58.502
YNDX;D;20150903;000000;783.0000000;801.0000000;783.0000000;795.0000000;55.513
YNDX;D;20150904;000000;789.0000000;797.0000000;782.0000000;790.0000000;68.927
YNDX;D;20150907;000000;787.0000000;795.0000000;784.0000000;786.0000000;39.642
YNDX;D;20150908;000000;788.0000000;799.0000000;785.0000000;786.0000000;39.563
YNDX;D;20150909;000000;785.0000000;801.0000000;782.0000000;787.0000000;89.589
YNDX;D;20150910;000000;787.0000000;795.0000000;767.0000000;773.0000000;104.104
YNDX;D;20150911;000000;775.0000000;780.0000000;755.0000000;760.0000000;81.910
YNDX;D;20150914;000000;762.0000000;836.0000000;741.0000000;809.0000000;347.085
YNDX;D;20150915;000000;813.0000000;829.0000000;792.0000000;815.0000000;138.531
YNDX;D;20150916;000000;814.0000000;872.0000000;807.0000000;862.0000000;156.563
YNDX;D;20150917;000000;859.0000000;869.0000000;850.0000000;860.0000000;45.814
YNDX;D;20150918;000000;869.0000000;873.0000000;832.0000000;841.0000000;68.487
YNDX;D;20150921;000000;841.0000000;847.0000000;821.0000000;826.0000000;22.671
YNDX;D;20150922;000000;820.0000000;821.0000000;774.0000000;775.0000000;106.138
YNDX;D;20150923;000000;778.0000000;800.0000000;749.0000000;752.0000000;153.482
YNDX;D;20150924;000000;750.0000000;752.0000000;705.0000000;714.0000000;151.450
YNDX;D;20150925;000000;717.0000000;738.0000000;706.0000000;714.0000000;140.526
YNDX;D;20150928;000000;712.0000000;720.0000000;686.0000000;694.0000000;91.842
YNDX;D;20150929;000000;688.0000000;715.0000000;683.0000000;703.0000000;129.444
YNDX;D;20150930;000000;710.0000000;732.0000000;704.0000000;713.0000000;110.470
YNDX;D;20151001;000000;718.0000000;722.0000000;698.0000000;704.0000000;58.288
YNDX;D;20151002;000000;706.0000000;734.0000000;701.0000000;730.0000000;81.032
YNDX;D;20151005;000000;737.0000000;783.0000000;737.0000000;775.0000000;130.625
YNDX;D;20151006;000000;781.0000000;794.0000000;752.0000000;769.0000000;103.569
YNDX;D;20151007;000000;770.0000000;785.0000000;738.0000000;745.0000000;111.838
YNDX;D;20151008;000000;749.0000000;749.0000000;731.0000000;736.0000000;62.763
YNDX;D;20151009;000000;742.0000000;769.0000000;736.0000000;763.0000000;76.620
YNDX;D;20151012;000000;763.0000000;767.0000000;732.0000000;743.0000000;63.315
YNDX;D;20151013;000000;744.0000000;821.0000000;744.0000000;814.0000000;239.794
YNDX;D;20151014;000000;809.0000000;823.0000000;787.0000000;818.0000000;151.244
YNDX;D;20151015;000000;828.0000000;862.0000000;821.0000000;821.0000000;214.022
YNDX;D;20151016;000000;827.0000000;844.0000000;813.0000000;813.0000000;76.770
YNDX;D;20151019;000000;816.0000000;857.0000000;815.0000000;845.0000000;83.043
YNDX;D;20151020;000000;842.0000000;854.0000000;830.0000000;834.0000000;52.935
YNDX;D;20151021;000000;834.0000000;836.0000000;801.0000000;822.0000000;62.233
YNDX;D;20151022;000000;820.0000000;840.0000000;813.0000000;836.0000000;48.942
YNDX;D;20151023;000000;822.0000000;823.0000000;798.0000000;813.0000000;121.991
YNDX;D;20151026;000000;816.0000000;854.0000000;808.0000000;838.0000000;91.351
YNDX;D;20151027;000000;862.0000000;965.0000000;851.0000000;940.0000000;622.409
YNDX;D;20151028;000000;961.0000000;1.009.0000000;932.0000000;1.002.0000000;319.794
YNDX;D;20151029;000000;992.0000000;1.020.0000000;971.0000000;1.009.0000000;123.568
YNDX;D;20151030;000000;1.002.0000000;1.022.0000000;989.0000000;1.016.0000000;59.115
YNDX;D;20151102;000000;1.020.0000000;1.036.8000000;1.003.1000000;1.030.0000000;83.151
YNDX;D;20151103;000000;1.034.3000000;1.039.9000000;1.011.0000000;1.011.0000000;76.597
YNDX;D;20151105;000000;1.003.1000000;1.011.7000000;980.0000000;980.0000000;66.578
YNDX;D;20151106;000000;982.1000000;1.005.0000000;967.0000000;994.9000000;55.334
YNDX;D;20151109;000000;1.001.8000000;1.028.4000000;994.2000000;1.012.0000000;44.127
YNDX;D;20151110;000000;1.021.2000000;1.036.5000000;1.011.7000000;1.027.0000000;61.240
YNDX;D;20151111;000000;1.020.1000000;1.048.9000000;1.015.2000000;1.040.0000000;51.775
YNDX;D;20151112;000000;1.040.5000000;1.049.9000000;1.005.0000000;1.020.6000000;55.771
YNDX;D;20151113;000000;1.017.9000000;1.020.0000000;990.0000000;1.001.0000000;42.234
YNDX;D;20151116;000000;997.6000000;1.022.0000000;997.6000000;1.015.1000000;31.774
YNDX;D;20151117;000000;1.014.9000000;1.080.5000000;1.012.2000000;1.059.0000000;103.384
YNDX;D;20151118;000000;1.063.2000000;1.098.8000000;1.050.2000000;1.094.0000000;115.818
YNDX;D;20151119;000000;1.098.9000000;1.106.8000000;1.071.8000000;1.086.0000000;150.546
YNDX;D;20151120;000000;1.090.3000000;1.120.9000000;1.089.1000000;1.111.0000000;44.906
YNDX;D;20151123;000000;1.112.0000000;1.150.0000000;1.112.0000000;1.129.9000000;56.335
YNDX;D;20151124;000000;1.125.2000000;1.131.4000000;1.060.0000000;1.092.0000000;87.860
YNDX;D;20151125;000000;1.095.7000000;1.149.9000000;1.095.5000000;1.127.0000000;48.843
YNDX;D;20151126;000000;1.119.9000000;1.148.8000000;1.115.0000000;1.117.7000000;23.563
YNDX;D;20151127;000000;1.116.2000000;1.121.6000000;1.066.2000000;1.074.5000000;51.467
YNDX;D;20151130;000000;1.074.4000000;1.099.0000000;1.074.4000000;1.094.0000000;33.272
YNDX;D;20151201;000000;1.097.2000000;1.108.2000000;1.076.0000000;1.086.0000000;22.606
YNDX;D;20151202;000000;1.079.4000000;1.104.0000000;1.051.8000000;1.104.0000000;68.236
YNDX;D;20151203;000000;1.105.0000000;1.114.0000000;1.094.8000000;1.099.0000000;24.364
YNDX;D;20151204;000000;1.092.6000000;1.104.9000000;1.071.6000000;1.087.1000000;36.766
YNDX;D;20151207;000000;1.091.5000000;1.091.6000000;1.038.2000000;1.060.0000000;36.564
YNDX;D;20151208;000000;1.055.1000000;1.058.0000000;1.003.1000000;1.038.9000000;58.815
YNDX;D;20151209;000000;1.038.2000000;1.060.0000000;1.034.4000000;1.050.0000000;21.844
YNDX;D;20151210;000000;1.047.0000000;1.051.7000000;1.030.0000000;1.030.3000000;31.961
YNDX;D;20151211;000000;1.033.9000000;1.055.0000000;1.020.1000000;1.037.0000000;37.768
YNDX;D;20151214;000000;1.029.1000000;1.030.0000000;981.1000000;984.4000000;57.670
YNDX;D;20151215;000000;995.1000000;1.059.6000000;994.5000000;1.055.0000000;81.371
YNDX;D;20151216;000000;1.060.0000000;1.085.0000000;1.056.0000000;1.067.0000000;28.202
YNDX;D;20151217;000000;1.069.9000000;1.111.1000000;1.064.9000000;1.084.9000000;42.062
YNDX;D;20151218;000000;1.084.6000000;1.089.9000000;1.061.2000000;1.075.1000000;29.548
YNDX;D;20151221;000000;1.085.0000000;1.103.8000000;1.070.2000000;1.095.1000000;28.543
YNDX;D;20151222;000000;1.104.0000000;1.119.0000000;1.090.1000000;1.090.1000000;28.452
YNDX;D;20151223;000000;1.095.6000000;1.129.4000000;1.091.7000000;1.125.1000000;44.509
YNDX;D;20151224;000000;1.112.4000000;1.136.0000000;1.100.6000000;1.129.1000000;29.432
YNDX;D;20151225;000000;1.110.2000000;1.121.3000000;1.102.1000000;1.110.0000000;19.317
YNDX;D;20151228;000000;1.109.2000000;1.133.6000000;1.107.8000000;1.119.5000000;25.923
YNDX;D;20151229;000000;1.129.7000000;1.152.1000000;1.121.1000000;1.138.0000000;26.402
YNDX;D;20151230;000000;1.136.1000000;1.159.8000000;1.136.1000000;1.147.0000000;25.502
YNDX;D;20160104;000000;1.148.9000000;1.157.9000000;1.060.0000000;1.064.1000000;55.784
YNDX;D;20160105;000000;1.080.1000000;1.134.8000000;1.075.2000000;1.133.9000000;41.995
YNDX;D;20160106;000000;1.131.9000000;1.133.5000000;1.095.0000000;1.112.0000000;38.189
YNDX;D;20160111;000000;1.027.5000000;1.075.0000000;987.0000000;987.0000000;141.169
YNDX;D;20160112;000000;982.5000000;1.004.2000000;972.2000000;999.0000000;109.601
YNDX;D;20160113;000000;1.004.1000000;1.023.8000000;1.004.1000000;1.006.0000000;50.263
YNDX;D;20160114;000000;998.0000000;1.009.9000000;970.2000000;1.009.0000000;72.349
YNDX;D;20160115;000000;1.010.0000000;1.014.0000000;930.0000000;954.0000000;85.966
YNDX;D;20160118;000000;949.0000000;978.1000000;900.1000000;963.0000000;46.699
YNDX;D;20160119;000000;969.9000000;990.8000000;951.7000000;954.0000000;85.781
YNDX;D;20160120;000000;943.1000000;946.9000000;903.2000000;912.5000000;98.080
YNDX;D;20160121;000000;926.9000000;1.023.0000000;920.1000000;1.020.0000000;146.107
YNDX;D;20160122;000000;1.023.0000000;1.039.0000000;995.5000000;1.020.0000000;96.113
YNDX;D;20160125;000000;1.020.0000000;1.030.0000000;988.0000000;1.002.1000000;64.008
YNDX;D;20160126;000000;1.003.0000000;1.023.8000000;990.0000000;1.012.0000000;58.906
YNDX;D;20160127;000000;1.019.5000000;1.054.8000000;1.018.2000000;1.049.9000000;88.938
YNDX;D;20160128;000000;1.049.0000000;1.051.0000000;1.011.0000000;1.017.4000000;84.808
YNDX;D;20160129;000000;1.019.0000000;1.029.8000000;1.005.2000000;1.007.0000000;57.217
YNDX;D;20160201;000000;1.015.0000000;1.026.0000000;1.000.0000000;1.013.0000000;39.630
YNDX;D;20160202;000000;1.022.5000000;1.041.0000000;1.006.0000000;1.012.0000000;50.384
YNDX;D;20160203;000000;1.012.5000000;1.028.0000000;1.000.5000000;1.012.5000000;39.685
YNDX;D;20160204;000000;1.020.5000000;1.061.0000000;1.016.5000000;1.054.0000000;122.360
YNDX;D;20160205;000000;1.046.0000000;1.046.0000000;1.023.0000000;1.023.0000000;46.287
YNDX;D;20160208;000000;1.021.0000000;1.022.0000000;968.0000000;986.0000000;95.054
YNDX;D;20160209;000000;991.5000000;1.017.0000000;970.0000000;992.0000000;81.971
YNDX;D;20160210;000000;980.5000000;1.010.0000000;975.0000000;998.0000000;63.650
YNDX;D;20160211;000000;999.0000000;1.013.0000000;985.0000000;1.007.0000000;59.547
YNDX;D;20160212;000000;1.006.0000000;1.022.5000000;989.0000000;989.0000000;50.041
YNDX;D;20160215;000000;1.006.0000000;1.018.5000000;1.000.0000000;1.008.0000000;37.493
YNDX;D;20160216;000000;1.011.5000000;1.075.5000000;997.0000000;1.072.0000000;174.733
YNDX;D;20160217;000000;1.064.0000000;1.081.0000000;1.036.0000000;1.044.0000000;127.367
YNDX;D;20160218;000000;1.035.0000000;1.060.0000000;1.004.0000000;1.014.0000000;114.810
YNDX;D;20160219;000000;1.005.0000000;1.012.5000000;976.5000000;989.0000000;154.533
YNDX;D;20160220;000000;985.5000000;996.0000000;980.0000000;987.5000000;14.819
YNDX;D;20160222;000000;996.0000000;1.008.5000000;986.0000000;1.002.5000000;47.757
YNDX;D;20160224;000000;990.5000000;1.001.5000000;972.0000000;974.5000000;76.231
YNDX;D;20160225;000000;992.5000000;995.0000000;976.5000000;982.0000000;70.155
YNDX;D;20160226;000000;977.5000000;1.012.0000000;975.5000000;983.5000000;144.720
YNDX;D;20160229;000000;979.5000000;994.5000000;976.0000000;978.0000000;67.813
YNDX;D;20160301;000000;975.5000000;991.5000000;971.0000000;989.5000000;62.097
YNDX;D;20160302;000000;993.0000000;1.009.0000000;980.5000000;1.003.0000000;71.302
YNDX;D;20160303;000000;1.019.5000000;1.045.5000000;1.010.0000000;1.018.0000000;123.660
YNDX;D;20160304;000000;1.005.5000000;1.021.0000000;987.5000000;999.0000000;114.317
YNDX;D;20160307;000000;1.026.5000000;1.029.5000000;1.007.5000000;1.020.0000000;76.725
YNDX;D;20160309;000000;1.004.5000000;1.009.0000000;991.0000000;994.0000000;108.964
YNDX;D;20160310;000000;990.5000000;998.0000000;976.0000000;978.5000000;95.508
YNDX;D;20160311;000000;985.0000000;993.0000000;973.0000000;979.0000000;84.474
YNDX;D;20160314;000000;992.0000000;1.035.5000000;985.5000000;1.023.0000000;220.367
YNDX;D;20160315;000000;1.033.0000000;1.039.5000000;995.5000000;1.004.0000000;109.028
YNDX;D;20160316;000000;1.000.5000000;1.039.5000000;997.5000000;1.021.0000000;132.607
YNDX;D;20160317;000000;1.040.0000000;1.044.0000000;1.022.0000000;1.032.0000000;66.233
YNDX;D;20160318;000000;1.040.0000000;1.049.0000000;1.021.5000000;1.034.5000000;61.476
YNDX;D;20160321;000000;1.033.5000000;1.037.5000000;1.020.0000000;1.022.0000000;44.912
YNDX;D;20160322;000000;1.026.0000000;1.027.0000000;1.005.0000000;1.023.5000000;50.907
YNDX;D;20160323;000000;1.025.5000000;1.035.0000000;1.018.5000000;1.020.5000000;41.697
YNDX;D;20160324;000000;1.028.0000000;1.032.0000000;1.018.0000000;1.028.0000000;28.409
YNDX;D;20160325;000000;1.029.5000000;1.037.0000000;1.026.5000000;1.032.5000000;6.445
YNDX;D;20160328;000000;1.035.0000000;1.040.5000000;1.001.0000000;1.013.0000000;38.499
YNDX;D;20160329;000000;1.022.0000000;1.036.0000000;1.006.0000000;1.036.0000000;49.095
YNDX;D;20160330;000000;1.039.0000000;1.061.0000000;1.036.0000000;1.041.5000000;69.512
YNDX;D;20160331;000000;1.043.0000000;1.050.0000000;1.015.0000000;1.022.0000000;57.980
YNDX;D;20160401;000000;1.025.0000000;1.035.0000000;1.014.0000000;1.028.0000000;41.564
YNDX;D;20160404;000000;1.039.0000000;1.042.5000000;1.030.0000000;1.033.0000000;32.092
YNDX;D;20160405;000000;1.033.0000000;1.046.0000000;1.023.0000000;1.039.0000000;33.833
YNDX;D;20160406;000000;1.035.5000000;1.047.0000000;1.026.5000000;1.041.0000000;31.361
YNDX;D;20160407;000000;1.042.0000000;1.063.5000000;1.035.5000000;1.060.0000000;69.136
YNDX;D;20160408;000000;1.048.0000000;1.049.5000000;1.018.0000000;1.018.0000000;122.002
YNDX;D;20160411;000000;1.014.0000000;1.054.5000000;1.011.5000000;1.045.0000000;111.668
YNDX;D;20160412;000000;1.042.5000000;1.093.0000000;1.041.5000000;1.088.5000000;111.892
YNDX;D;20160413;000000;1.093.0000000;1.133.0000000;1.089.5000000;1.127.0000000;94.435
YNDX;D;20160414;000000;1.112.0000000;1.124.0000000;1.090.0000000;1.109.5000000;71.957
YNDX;D;20160415;000000;1.104.5000000;1.114.5000000;1.101.5000000;1.109.0000000;33.596
YNDX;D;20160418;000000;1.091.0000000;1.139.0000000;1.084.0000000;1.130.0000000;47.972
YNDX;D;20160419;000000;1.131.5000000;1.150.0000000;1.130.0000000;1.148.0000000;54.307
YNDX;D;20160420;000000;1.147.0000000;1.188.0000000;1.142.5000000;1.186.0000000;61.999
YNDX;D;20160421;000000;1.182.5000000;1.209.5000000;1.171.0000000;1.200.0000000;85.130
YNDX;D;20160422;000000;1.204.0000000;1.218.0000000;1.190.0000000;1.196.0000000;81.865
YNDX;D;20160425;000000;1.197.5000000;1.218.5000000;1.175.5000000;1.176.5000000;79.699
YNDX;D;20160426;000000;1.187.0000000;1.190.0000000;1.171.0000000;1.173.0000000;33.921
YNDX;D;20160427;000000;1.182.0000000;1.197.0000000;1.164.5000000;1.194.0000000;59.542
YNDX;D;20160428;000000;1.191.5000000;1.310.0000000;1.190.5000000;1.300.0000000;327.259
YNDX;D;20160429;000000;1.300.0000000;1.313.0000000;1.271.0000000;1.301.0000000;82.426
YNDX;D;20160504;000000;1.310.0000000;1.400.0000000;1.295.5000000;1.337.5000000;39.333
YNDX;D;20160505;000000;1.334.5000000;1.334.5000000;1.292.0000000;1.316.5000000;60.698
YNDX;D;20160506;000000;1.315.5000000;1.316.0000000;1.270.0000000;1.291.0000000;69.623
YNDX;D;20160510;000000;1.283.5000000;1.299.5000000;1.260.0000000;1.291.5000000;55.376
YNDX;D;20160511;000000;1.298.0000000;1.310.0000000;1.284.5000000;1.286.0000000;29.919
YNDX;D;20160512;000000;1.286.5000000;1.298.5000000;1.266.0000000;1.277.0000000;36.641
YNDX;D;20160513;000000;1.264.0000000;1.289.0000000;1.250.5000000;1.276.5000000;35.654
YNDX;D;20160516;000000;1.264.0000000;1.302.0000000;1.262.0000000;1.297.0000000;35.942
YNDX;D;20160517;000000;1.299.5000000;1.299.5000000;1.266.0000000;1.278.5000000;45.377
YNDX;D;20160518;000000;1.276.5000000;1.287.5000000;1.265.0000000;1.267.5000000;24.537
YNDX;D;20160519;000000;1.265.0000000;1.272.5000000;1.245.0000000;1.261.0000000;34.258
YNDX;D;20160520;000000;1.261.0000000;1.282.5000000;1.256.0000000;1.278.0000000;48.596
YNDX;D;20160523;000000;1.276.0000000;1.298.5000000;1.266.0000000;1.288.0000000;39.669
YNDX;D;20160524;000000;1.285.0000000;1.291.0000000;1.278.5000000;1.289.5000000;28.406
YNDX;D;20160525;000000;1.287.5000000;1.309.0000000;1.280.5000000;1.305.0000000;62.664
YNDX;D;20160526;000000;1.298.5000000;1.329.0000000;1.292.5000000;1.303.5000000;51.472
YNDX;D;20160527;000000;1.310.0000000;1.329.5000000;1.305.5000000;1.311.0000000;32.577
YNDX;D;20160530;000000;1.321.0000000;1.326.5000000;1.314.5000000;1.317.5000000;7.512
YNDX;D;20160531;000000;1.318.0000000;1.370.0000000;1.304.0000000;1.357.0000000;66.821
YNDX;D;20160601;000000;1.370.0000000;1.390.5000000;1.342.5000000;1.369.5000000;45.287
YNDX;D;20160602;000000;1.369.5000000;1.389.5000000;1.353.5000000;1.371.0000000;27.014
YNDX;D;20160603;000000;1.378.5000000;1.387.0000000;1.358.0000000;1.370.0000000;38.559
YNDX;D;20160606;000000;1.390.0000000;1.427.0000000;1.383.0000000;1.399.0000000;62.212
YNDX;D;20160607;000000;1.410.5000000;1.427.0000000;1.396.0000000;1.413.0000000;36.704
YNDX;D;20160608;000000;1.422.0000000;1.456.0000000;1.410.0000000;1.450.0000000;26.614
YNDX;D;20160609;000000;1.452.5000000;1.476.0000000;1.445.0000000;1.464.0000000;31.928
YNDX;D;20160610;000000;1.469.0000000;1.499.5000000;1.430.0000000;1.430.0000000;37.549
YNDX;D;20160614;000000;1.427.5000000;1.431.0000000;1.371.0000000;1.375.5000000;62.608
YNDX;D;20160615;000000;1.385.0000000;1.419.5000000;1.372.5000000;1.408.5000000;55.396
YNDX;D;20160616;000000;1.401.0000000;1.401.0000000;1.353.5000000;1.380.0000000;49.836
YNDX;D;20160617;000000;1.366.0000000;1.414.0000000;1.363.0000000;1.406.0000000;44.249
YNDX;D;20160620;000000;1.424.5000000;1.450.0000000;1.408.5000000;1.418.5000000;52.708
YNDX;D;20160621;000000;1.416.0000000;1.429.0000000;1.371.0000000;1.377.0000000;30.649
YNDX;D;20160622;000000;1.384.5000000;1.414.5000000;1.371.5000000;1.407.0000000;28.283
YNDX;D;20160623;000000;1.406.0000000;1.448.0000000;1.405.5000000;1.428.0000000;23.256
YNDX;D;20160624;000000;1.403.0000000;1.429.5000000;1.360.5000000;1.379.5000000;51.708
YNDX;D;20160627;000000;1.391.0000000;1.409.5000000;1.280.0000000;1.291.0000000;82.886
YNDX;D;20160628;000000;1.305.0000000;1.353.0000000;1.302.0000000;1.336.0000000;32.494
YNDX;D;20160629;000000;1.359.5000000;1.374.5000000;1.335.0000000;1.372.5000000;19.361
YNDX;D;20160630;000000;1.375.0000000;1.406.0000000;1.360.5000000;1.399.0000000;24.258
YNDX;D;20160701;000000;1.393.0000000;1.415.5000000;1.375.0000000;1.403.0000000;25.838
YNDX;D;20160704;000000;1.401.0000000;1.401.0000000;1.379.5000000;1.390.0000000;12.952
YNDX;D;20160705;000000;1.380.5000000;1.402.0000000;1.364.0000000;1.383.0000000;20.290
YNDX;D;20160706;000000;1.394.5000000;1.399.5000000;1.348.0000000;1.373.5000000;23.896
YNDX;D;20160707;000000;1.378.5000000;1.409.0000000;1.375.0000000;1.390.0000000;41.944
YNDX;D;20160708;000000;1.391.0000000;1.424.0000000;1.383.0000000;1.413.0000000;15.692
YNDX;D;20160711;000000;1.425.0000000;1.434.0000000;1.403.5000000;1.407.0000000;17.543
YNDX;D;20160712;000000;1.410.0000000;1.479.0000000;1.406.5000000;1.473.0000000;31.278
YNDX;D;20160713;000000;1.473.0000000;1.473.0000000;1.400.5000000;1.403.0000000;33.006
YNDX;D;20160714;000000;1.413.5000000;1.429.5000000;1.391.0000000;1.391.0000000;43.031
YNDX;D;20160715;000000;1.390.0000000;1.414.0000000;1.371.0000000;1.373.5000000;48.486
YNDX;D;20160718;000000;1.375.0000000;1.375.0000000;1.347.5000000;1.354.0000000;50.312
YNDX;D;20160719;000000;1.358.0000000;1.364.5000000;1.341.5000000;1.345.5000000;28.147
YNDX;D;20160720;000000;1.343.0000000;1.360.0000000;1.335.0000000;1.360.0000000;18.096
YNDX;D;20160721;000000;1.354.0000000;1.388.5000000;1.354.0000000;1.376.0000000;18.809
YNDX;D;20160722;000000;1.370.5000000;1.395.0000000;1.360.0000000;1.387.5000000;16.493
YNDX;D;20160725;000000;1.398.0000000;1.413.0000000;1.368.0000000;1.377.5000000;20.457
YNDX;D;20160726;000000;1.373.0000000;1.417.0000000;1.365.0000000;1.404.0000000;40.460
YNDX;D;20160727;000000;1.392.5000000;1.419.5000000;1.390.5000000;1.419.0000000;33.913
YNDX;D;20160728;000000;1.436.5000000;1.543.0000000;1.424.0000000;1.485.5000000;157.214
YNDX;D;20160729;000000;1.487.0000000;1.512.5000000;1.430.5000000;1.442.0000000;45.620
YNDX;D;20160801;000000;1.442.0000000;1.464.0000000;1.426.5000000;1.438.5000000;26.702
YNDX;D;20160802;000000;1.434.0000000;1.444.5000000;1.400.0000000;1.416.0000000;37.551
YNDX;D;20160803;000000;1.415.0000000;1.435.0000000;1.400.5000000;1.409.0000000;22.141
YNDX;D;20160804;000000;1.403.0000000;1.419.5000000;1.395.0000000;1.417.0000000;30.503
YNDX;D;20160805;000000;1.412.0000000;1.429.0000000;1.401.0000000;1.429.0000000;19.140
YNDX;D;20160808;000000;1.428.0000000;1.434.0000000;1.410.5000000;1.420.0000000;10.165
YNDX;D;20160809;000000;1.415.0000000;1.449.0000000;1.410.5000000;1.447.0000000;15.415
YNDX;D;20160810;000000;1.447.0000000;1.460.0000000;1.440.5000000;1.447.0000000;16.960
YNDX;D;20160811;000000;1.455.0000000;1.492.0000000;1.438.5000000;1.485.0000000;27.182
YNDX;D;20160812;000000;1.494.0000000;1.510.5000000;1.485.5000000;1.506.0000000;21.162
YNDX;D;20160815;000000;1.506.5000000;1.529.0000000;1.495.0000000;1.498.0000000;28.247
YNDX;D;20160816;000000;1.498.0000000;1.514.5000000;1.476.5000000;1.491.0000000;18.162
YNDX;D;20160817;000000;1.493.5000000;1.497.0000000;1.445.0000000;1.459.0000000;39.996
YNDX;D;20160818;000000;1.462.0000000;1.476.0000000;1.443.0000000;1.451.0000000;48.051
YNDX;D;20160819;000000;1.454.0000000;1.458.5000000;1.439.0000000;1.445.5000000;18.216
YNDX;D;20160822;000000;1.433.5000000;1.459.0000000;1.415.5000000;1.441.0000000;29.108
YNDX;D;20160823;000000;1.433.5000000;1.454.5000000;1.430.0000000;1.449.0000000;25.140
YNDX;D;20160824;000000;1.459.0000000;1.463.5000000;1.440.5000000;1.453.0000000;18.354
YNDX;D;20160825;000000;1.465.0000000;1.476.0000000;1.444.5000000;1.444.5000000;23.227
YNDX;D;20160826;000000;1.441.5000000;1.470.0000000;1.430.0000000;1.447.0000000;31.592
YNDX;D;20160829;000000;1.440.5000000;1.457.0000000;1.430.5000000;1.442.0000000;28.693
YNDX;D;20160830;000000;1.442.5000000;1.454.0000000;1.430.5000000;1.437.5000000;19.520
YNDX;D;20160831;000000;1.440.0000000;1.447.5000000;1.421.0000000;1.428.0000000;20.219
YNDX;D;20160901;000000;1.430.5000000;1.469.0000000;1.430.0000000;1.464.0000000;32.846
YNDX;D;20160902;000000;1.464.5000000;1.475.0000000;1.447.5000000;1.463.0000000;19.268
YNDX;D;20160905;000000;1.463.0000000;1.465.0000000;1.455.0000000;1.455.5000000;5.391
YNDX;D;20160906;000000;1.458.5000000;1.482.5000000;1.439.0000000;1.441.0000000;38.416
YNDX;D;20160907;000000;1.438.5000000;1.441.5000000;1.410.5000000;1.418.0000000;42.108
YNDX;D;20160908;000000;1.420.0000000;1.443.5000000;1.408.5000000;1.409.0000000;54.985
YNDX;D;20160909;000000;1.409.0000000;1.410.0000000;1.345.5000000;1.370.0000000;95.696
YNDX;D;20160912;000000;1.359.5000000;1.365.5000000;1.317.0000000;1.350.0000000;172.413
YNDX;D;20160913;000000;1.359.5000000;1.360.0000000;1.302.0000000;1.326.0000000;89.319
YNDX;D;20160914;000000;1.326.5000000;1.339.5000000;1.316.0000000;1.321.5000000;36.058
YNDX;D;20160915;000000;1.324.0000000;1.342.0000000;1.309.0000000;1.319.5000000;67.920
YNDX;D;20160916;000000;1.327.5000000;1.344.5000000;1.316.0000000;1.335.0000000;28.864
YNDX;D;20160919;000000;1.348.0000000;1.359.0000000;1.338.0000000;1.341.0000000;27.941
YNDX;D;20160920;000000;1.344.0000000;1.354.5000000;1.333.0000000;1.341.0000000;24.799
YNDX;D;20160921;000000;1.359.0000000;1.359.5000000;1.338.0000000;1.348.5000000;16.237
YNDX;D;20160922;000000;1.362.0000000;1.403.5000000;1.352.0000000;1.401.0000000;52.219
YNDX;D;20160923;000000;1.406.0000000;1.408.0000000;1.377.5000000;1.398.5000000;28.966
YNDX;D;20160926;000000;1.381.5000000;1.385.0000000;1.356.5000000;1.370.0000000;24.175
YNDX;D;20160927;000000;1.383.0000000;1.383.0000000;1.347.0000000;1.353.0000000;19.365
YNDX;D;20160928;000000;1.363.0000000;1.369.0000000;1.350.0000000;1.355.0000000;20.131
YNDX;D;20160929;000000;1.365.0000000;1.369.5000000;1.341.0000000;1.353.0000000;38.008
YNDX;D;20160930;000000;1.345.5000000;1.353.5000000;1.327.0000000;1.341.0000000;24.020
YNDX;D;20161003;000000;1.325.0000000;1.359.0000000;1.320.0000000;1.356.0000000;24.540
YNDX;D;20161004;000000;1.362.0000000;1.362.0000000;1.334.0000000;1.346.0000000;19.350
YNDX;D;20161005;000000;1.333.0000000;1.375.0000000;1.330.0000000;1.371.0000000;35.997
YNDX;D;20161006;000000;1.378.0000000;1.383.0000000;1.359.0000000;1.376.5000000;22.804
YNDX;D;20161007;000000;1.380.0000000;1.391.0000000;1.363.0000000;1.367.0000000;14.436
YNDX;D;20161010;000000;1.361.5000000;1.381.5000000;1.350.0000000;1.352.5000000;11.316
YNDX;D;20161011;000000;1.345.5000000;1.361.0000000;1.340.5000000;1.350.5000000;24.177
YNDX;D;20161012;000000;1.353.5000000;1.354.5000000;1.282.0000000;1.290.0000000;62.073
YNDX;D;20161013;000000;1.277.0000000;1.288.0000000;1.218.0000000;1.231.0000000;152.236
YNDX;D;20161014;000000;1.209.5000000;1.243.0000000;1.194.5000000;1.212.0000000;76.714
YNDX;D;20161017;000000;1.202.0000000;1.207.0000000;1.181.0000000;1.186.0000000;45.822
YNDX;D;20161018;000000;1.194.0000000;1.237.5000000;1.194.0000000;1.228.5000000;40.374
YNDX;D;20161019;000000;1.237.0000000;1.255.5000000;1.232.5000000;1.238.5000000;44.581
YNDX;D;20161020;000000;1.244.0000000;1.245.5000000;1.223.0000000;1.234.0000000;25.030
YNDX;D;20161021;000000;1.222.5000000;1.235.0000000;1.212.5000000;1.213.5000000;14.982
YNDX;D;20161024;000000;1.235.0000000;1.267.5000000;1.211.5000000;1.221.0000000;68.786
YNDX;D;20161025;000000;1.221.5000000;1.262.0000000;1.213.5000000;1.222.5000000;58.180
YNDX;D;20161026;000000;1.235.0000000;1.239.5000000;1.187.5000000;1.194.5000000;53.191
YNDX;D;20161027;000000;1.209.5000000;1.295.0000000;1.199.0000000;1.261.0000000;182.553
YNDX;D;20161028;000000;1.270.0000000;1.287.5000000;1.254.5000000;1.270.0000000;70.960
YNDX;D;20161031;000000;1.278.0000000;1.278.5000000;1.238.0000000;1.256.0000000;48.642
YNDX;D;20161101;000000;1.259.5000000;1.264.0000000;1.231.5000000;1.243.5000000;42.155
YNDX;D;20161102;000000;1.243.0000000;1.245.0000000;1.209.0000000;1.212.0000000;51.835
YNDX;D;20161103;000000;1.210.0000000;1.224.0000000;1.180.0000000;1.190.0000000;77.147
YNDX;D;20161107;000000;1.203.0000000;1.219.5000000;1.192.0000000;1.196.0000000;29.770
YNDX;D;20161108;000000;1.208.5000000;1.221.0000000;1.172.0000000;1.197.0000000;41.923
YNDX;D;20161109;000000;1.175.5000000;1.234.0000000;1.155.5000000;1.234.0000000;59.380
YNDX;D;20161110;000000;1.244.0000000;1.307.0000000;1.240.0000000;1.240.5000000;156.761
YNDX;D;20161111;000000;1.252.5000000;1.269.5000000;1.201.0000000;1.225.0000000;73.263
YNDX;D;20161114;000000;1.230.0000000;1.238.5000000;1.192.0000000;1.195.0000000;36.586
YNDX;D;20161115;000000;1.195.0000000;1.199.5000000;1.168.5000000;1.170.0000000;65.715
YNDX;D;20161116;000000;1.172.0000000;1.192.0000000;1.160.5000000;1.164.0000000;73.059
YNDX;D;20161117;000000;1.151.5000000;1.163.0000000;1.143.0000000;1.150.0000000;100.546
YNDX;D;20161118;000000;1.159.0000000;1.203.5000000;1.155.0000000;1.203.5000000;107.262
YNDX;D;20161121;000000;1.196.0000000;1.220.0000000;1.190.5000000;1.201.0000000;26.788
YNDX;D;20161122;000000;1.199.5000000;1.200.0000000;1.160.0000000;1.177.0000000;64.130
YNDX;D;20161123;000000;1.205.0000000;1.240.0000000;1.197.0000000;1.228.0000000;101.679
YNDX;D;20161124;000000;1.230.0000000;1.240.0000000;1.223.0000000;1.228.5000000;23.217
YNDX;D;20161125;000000;1.233.0000000;1.248.5000000;1.221.0000000;1.221.5000000;49.147
YNDX;D;20161128;000000;1.225.0000000;1.233.5000000;1.204.0000000;1.213.0000000;72.941
YNDX;D;20161129;000000;1.204.5000000;1.215.0000000;1.195.0000000;1.215.0000000;48.646
YNDX;D;20161130;000000;1.216.0000000;1.219.5000000;1.190.0000000;1.201.5000000;70.116
YNDX;D;20161201;000000;1.212.0000000;1.239.5000000;1.204.0000000;1.217.0000000;109.295
YNDX;D;20161202;000000;1.195.0000000;1.213.0000000;1.181.5000000;1.197.5000000;72.609
YNDX;D;20161205;000000;1.184.5000000;1.202.0000000;1.182.5000000;1.199.0000000;124.291
YNDX;D;20161206;000000;1.215.0000000;1.241.0000000;1.209.0000000;1.231.0000000;156.842
YNDX;D;20161207;000000;1.234.5000000;1.250.0000000;1.216.5000000;1.243.0000000;41.363
YNDX;D;20161208;000000;1.243.5000000;1.261.5000000;1.241.5000000;1.252.0000000;60.760
YNDX;D;20161209;000000;1.262.0000000;1.277.5000000;1.241.0000000;1.248.0000000;30.463
YNDX;D;20161212;000000;1.245.5000000;1.260.0000000;1.220.0000000;1.239.0000000;124.603
YNDX;D;20161213;000000;1.242.5000000;1.285.0000000;1.235.5000000;1.277.0000000;69.717
YNDX;D;20161214;000000;1.279.0000000;1.290.0000000;1.242.0000000;1.282.5000000;113.975
YNDX;D;20161215;000000;1.285.5000000;1.310.0000000;1.266.5000000;1.292.0000000;129.747
YNDX;D;20161216;000000;1.274.5000000;1.311.0000000;1.252.0000000;1.263.0000000;169.605
YNDX;D;20161219;000000;1.269.0000000;1.273.5000000;1.245.0000000;1.255.0000000;68.139
YNDX;D;20161220;000000;1.259.5000000;1.267.0000000;1.235.5000000;1.267.0000000;68.428
YNDX;D;20161221;000000;1.272.0000000;1.285.0000000;1.244.0000000;1.245.0000000;44.274
YNDX;D;20161222;000000;1.246.0000000;1.259.5000000;1.236.5000000;1.246.0000000;80.931
YNDX;D;20161223;000000;1.256.0000000;1.262.0000000;1.236.5000000;1.252.0000000;37.688
YNDX;D;20161226;000000;1.252.0000000;1.257.5000000;1.244.5000000;1.245.0000000;20.730
YNDX;D;20161227;000000;1.251.0000000;1.258.5000000;1.235.5000000;1.237.0000000;36.756
YNDX;D;20161228;000000;1.241.5000000;1.250.0000000;1.228.0000000;1.228.0000000;33.166
YNDX;D;20161229;000000;1.239.0000000;1.243.0000000;1.216.5000000;1.241.0000000;27.620
YNDX;D;20161230;000000;1.240.0000000;1.252.5000000;1.239.5000000;1.247.5000000;21.350
YNDX;D;20170103;000000;1.254.0000000;1.269.5000000;1.235.0000000;1.241.0000000;76.613
YNDX;D;20170104;000000;1.247.5000000;1.257.0000000;1.233.5000000;1.239.0000000;38.727
YNDX;D;20170105;000000;1.246.5000000;1.254.5000000;1.212.0000000;1.252.0000000;77.016
YNDX;D;20170106;000000;1.290.0000000;1.295.0000000;1.260.0000000;1.291.0000000;83.164
YNDX;D;20170109;000000;1.295.0000000;1.322.0000000;1.288.5000000;1.317.0000000;66.907
YNDX;D;20170110;000000;1.321.5000000;1.332.0000000;1.305.5000000;1.319.5000000;43.833
YNDX;D;20170111;000000;1.304.0000000;1.309.0000000;1.290.5000000;1.299.0000000;43.663
YNDX;D;20170112;000000;1.290.0000000;1.298.0000000;1.266.0000000;1.271.5000000;57.377
YNDX;D;20170113;000000;1.272.0000000;1.288.0000000;1.259.0000000;1.286.5000000;32.527
YNDX;D;20170116;000000;1.284.5000000;1.310.0000000;1.277.5000000;1.305.0000000;17.621
YNDX;D;20170117;000000;1.293.0000000;1.307.0000000;1.280.5000000;1.303.0000000;27.698
YNDX;D;20170118;000000;1.302.5000000;1.312.0000000;1.292.5000000;1.299.0000000;24.139
YNDX;D;20170119;000000;1.304.5000000;1.312.0000000;1.293.5000000;1.307.0000000;19.013
YNDX;D;20170120;000000;1.315.5000000;1.320.0000000;1.299.0000000;1.315.0000000;26.316
YNDX;D;20170123;000000;1.310.0000000;1.315.5000000;1.288.0000000;1.295.0000000;21.449
YNDX;D;20170124;000000;1.306.5000000;1.350.0000000;1.303.5000000;1.349.0000000;71.002
YNDX;D;20170125;000000;1.354.0000000;1.393.5000000;1.350.5000000;1.381.0000000;79.942
YNDX;D;20170126;000000;1.395.0000000;1.424.5000000;1.386.0000000;1.411.0000000;74.937
YNDX;D;20170127;000000;1.411.5000000;1.425.0000000;1.391.0000000;1.418.5000000;43.891
YNDX;D;20170130;000000;1.408.5000000;1.417.0000000;1.362.5000000;1.370.0000000;52.000
YNDX;D;20170131;000000;1.375.0000000;1.395.0000000;1.375.0000000;1.379.0000000;14.882
YNDX;D;20170201;000000;1.380.5000000;1.407.5000000;1.373.0000000;1.384.0000000;22.785
YNDX;D;20170202;000000;1.391.0000000;1.407.5000000;1.365.5000000;1.370.0000000;33.089
YNDX;D;20170203;000000;1.379.0000000;1.399.0000000;1.376.0000000;1.387.0000000;19.431
YNDX;D;20170206;000000;1.387.0000000;1.387.0000000;1.346.5000000;1.357.5000000;21.118
YNDX;D;20170207;000000;1.359.5000000;1.388.0000000;1.359.5000000;1.382.0000000;19.332
YNDX;D;20170208;000000;1.367.5000000;1.380.5000000;1.345.0000000;1.350.0000000;35.970
YNDX;D;20170209;000000;1.365.0000000;1.365.0000000;1.326.5000000;1.356.5000000;41.973
YNDX;D;20170210;000000;1.369.0000000;1.369.0000000;1.332.0000000;1.345.0000000;16.668
YNDX;D;20170213;000000;1.357.0000000;1.359.5000000;1.335.0000000;1.335.0000000;29.261
YNDX;D;20170214;000000;1.334.0000000;1.344.0000000;1.304.0000000;1.312.0000000;36.207
YNDX;D;20170215;000000;1.313.0000000;1.336.0000000;1.263.0000000;1.316.0000000;42.386
YNDX;D;20170216;000000;1.334.0000000;1.412.0000000;1.312.0000000;1.401.0000000;112.620
YNDX;D;20170217;000000;1.400.0000000;1.436.5000000;1.385.5000000;1.425.0000000;218.189
YNDX;D;20170220;000000;1.431.0000000;1.437.5000000;1.420.0000000;1.425.0000000;21.960
YNDX;D;20170221;000000;1.423.0000000;1.429.5000000;1.392.0000000;1.395.0000000;25.664
YNDX;D;20170222;000000;1.397.0000000;1.404.5000000;1.380.0000000;1.399.0000000;49.796
YNDX;D;20170224;000000;1.379.5000000;1.381.0000000;1.356.0000000;1.368.5000000;17.194
YNDX;D;20170227;000000;1.371.0000000;1.379.5000000;1.334.5000000;1.354.0000000;21.493
YNDX;D;20170228;000000;1.343.5000000;1.354.0000000;1.309.0000000;1.330.0000000;27.553
YNDX;D;20170301;000000;1.320.0000000;1.354.0000000;1.303.5000000;1.334.0000000;61.898
YNDX;D;20170302;000000;1.359.0000000;1.369.5000000;1.335.5000000;1.358.5000000;54.692
YNDX;D;20170303;000000;1.358.5000000;1.373.0000000;1.351.5000000;1.370.0000000;16.786
YNDX;D;20170306;000000;1.370.0000000;1.374.5000000;1.341.0000000;1.359.0000000;27.374
YNDX;D;20170307;000000;1.365.5000000;1.371.5000000;1.349.0000000;1.364.0000000;13.429
YNDX;D;20170309;000000;1.371.0000000;1.389.0000000;1.352.0000000;1.359.5000000;48.396
YNDX;D;20170310;000000;1.353.5000000;1.365.0000000;1.335.5000000;1.360.0000000;26.487
YNDX;D;20170313;000000;1.355.0000000;1.377.5000000;1.350.5000000;1.366.5000000;14.319
YNDX;D;20170314;000000;1.378.5000000;1.379.5000000;1.354.0000000;1.357.0000000;33.875
YNDX;D;20170315;000000;1.369.0000000;1.374.5000000;1.329.0000000;1.341.0000000;29.476
YNDX;D;20170316;000000;1.351.5000000;1.390.0000000;1.327.0000000;1.375.0000000;64.823
YNDX;D;20170317;000000;1.377.5000000;1.396.5000000;1.351.5000000;1.354.0000000;31.069
YNDX;D;20170320;000000;1.359.0000000;1.360.0000000;1.340.0000000;1.347.0000000;13.918
YNDX;D;20170321;000000;1.342.0000000;1.359.5000000;1.309.0000000;1.311.0000000;41.760
YNDX;D;20170322;000000;1.292.0000000;1.297.0000000;1.279.0000000;1.291.0000000;73.998
YNDX;D;20170323;000000;1.292.0000000;1.309.5000000;1.278.5000000;1.288.0000000;17.787
YNDX;D;20170324;000000;1.290.0000000;1.294.0000000;1.271.0000000;1.280.0000000;13.202
YNDX;D;20170327;000000;1.284.5000000;1.285.0000000;1.238.0000000;1.261.0000000;32.998
YNDX;D;20170328;000000;1.262.0000000;1.280.0000000;1.260.0000000;1.275.0000000;14.867
YNDX;D;20170329;000000;1.278.0000000;1.295.0000000;1.255.5000000;1.262.0000000;27.076
YNDX;D;20170330;000000;1.262.5000000;1.277.5000000;1.242.0000000;1.247.5000000;26.400
YNDX;D;20170331;000000;1.244.5000000;1.250.0000000;1.231.0000000;1.245.5000000;14.507
YNDX;D;20170403;000000;1.232.0000000;1.259.5000000;1.225.5000000;1.242.0000000;32.441
YNDX;D;20170404;000000;1.242.0000000;1.258.0000000;1.234.0000000;1.239.0000000;13.502
YNDX;D;20170405;000000;1.237.5000000;1.298.0000000;1.236.5000000;1.298.0000000;67.084
YNDX;D;20170406;000000;1.296.5000000;1.304.5000000;1.279.0000000;1.289.0000000;25.707
YNDX;D;20170407;000000;1.281.5000000;1.290.0000000;1.240.5000000;1.260.0000000;50.228
YNDX;D;20170410;000000;1.260.0000000;1.260.0000000;1.225.0000000;1.249.5000000;28.178
YNDX;D;20170411;000000;1.230.0000000;1.257.0000000;1.230.0000000;1.251.0000000;30.547
YNDX;D;20170412;000000;1.257.0000000;1.293.0000000;1.253.5000000;1.284.0000000;38.589
YNDX;D;20170413;000000;1.298.0000000;1.298.0000000;1.265.0000000;1.289.0000000;27.449
YNDX;D;20170414;000000;1.270.5000000;1.291.5000000;1.266.0000000;1.268.5000000;4.672
YNDX;D;20170417;000000;1.266.5000000;1.368.0000000;1.256.0000000;1.367.5000000;59.222
YNDX;D;20170418;000000;1.359.5000000;1.366.5000000;1.331.0000000;1.336.5000000;22.208
YNDX;D;20170419;000000;1.337.5000000;1.355.0000000;1.326.0000000;1.329.5000000;16.519
YNDX;D;20170420;000000;1.323.0000000;1.340.0000000;1.310.0000000;1.328.0000000;17.367
YNDX;D;20170421;000000;1.328.0000000;1.335.0000000;1.307.0000000;1.310.0000000;24.706
YNDX;D;20170424;000000;1.328.0000000;1.335.0000000;1.307.0000000;1.317.0000000;55.276
YNDX;D;20170425;000000;1.315.0000000;1.338.5000000;1.305.5000000;1.338.0000000;28.152
YNDX;D;20170426;000000;1.343.5000000;1.423.0000000;1.337.5000000;1.404.0000000;119.824
YNDX;D;20170427;000000;1.410.0000000;1.537.0000000;1.405.5000000;1.520.0000000;290.446
YNDX;D;20170428;000000;1.535.0000000;1.569.0000000;1.502.0000000;1.534.5000000;67.712
YNDX;D;20170502;000000;1.560.0000000;1.590.0000000;1.545.0000000;1.549.0000000;43.787
YNDX;D;20170503;000000;1.538.5000000;1.558.5000000;1.500.5000000;1.528.0000000;85.779
YNDX;D;20170504;000000;1.548.5000000;1.589.0000000;1.538.0000000;1.581.0000000;84.099
YNDX;D;20170505;000000;1.553.0000000;1.589.0000000;1.551.5000000;1.570.0000000;22.265
YNDX;D;20170510;000000;1.577.0000000;1.601.0000000;1.576.5000000;1.590.0000000;33.096
YNDX;D;20170511;000000;1.589.5000000;1.667.5000000;1.554.0000000;1.562.5000000;86.560
YNDX;D;20170512;000000;1.575.0000000;1.595.0000000;1.551.0000000;1.592.0000000;81.394
YNDX;D;20170515;000000;1.605.0000000;1.640.5000000;1.595.5000000;1.619.0000000;75.029
YNDX;D;20170516;000000;1.619.0000000;1.648.0000000;1.565.5000000;1.611.0000000;83.374
YNDX;D;20170517;000000;1.625.0000000;1.633.0000000;1.601.5000000;1.608.0000000;38.209
YNDX;D;20170518;000000;1.589.5000000;1.599.5000000;1.550.0000000;1.565.0000000;83.934
YNDX;D;20170519;000000;1.581.5000000;1.634.0000000;1.565.0000000;1.614.5000000;67.408
YNDX;D;20170522;000000;1.618.0000000;1.624.0000000;1.595.5000000;1.608.0000000;32.791
YNDX;D;20170523;000000;1.611.0000000;1.630.0000000;1.593.0000000;1.611.5000000;45.953
YNDX;D;20170524;000000;1.618.5000000;1.619.5000000;1.595.5000000;1.611.0000000;10.624
YNDX;D;20170525;000000;1.618.5000000;1.620.5000000;1.575.5000000;1.584.0000000;20.110
YNDX;D;20170526;000000;1.588.0000000;1.589.0000000;1.565.5000000;1.568.0000000;13.512
YNDX;D;20170529;000000;1.568.0000000;1.583.5000000;1.565.0000000;1.573.5000000;9.792
YNDX;D;20170530;000000;1.565.0000000;1.576.5000000;1.547.0000000;1.552.0000000;24.153
YNDX;D;20170531;000000;1.560.0000000;1.564.5000000;1.497.5000000;1.505.0000000;59.350
YNDX;D;20170601;000000;1.504.5000000;1.527.5000000;1.482.0000000;1.520.5000000;18.929
YNDX;D;20170602;000000;1.507.5000000;1.531.0000000;1.474.5000000;1.478.0000000;62.833
YNDX;D;20170605;000000;1.493.0000000;1.535.0000000;1.482.5000000;1.525.0000000;59.948
YNDX;D;20170606;000000;1.538.5000000;1.555.0000000;1.522.5000000;1.524.5000000;20.730
YNDX;D;20170607;000000;1.539.5000000;1.540.0000000;1.516.0000000;1.526.0000000;18.247
YNDX;D;20170608;000000;1.526.0000000;1.535.5000000;1.513.0000000;1.521.5000000;21.783
YNDX;D;20170609;000000;1.523.5000000;1.548.0000000;1.520.5000000;1.541.5000000;15.331
YNDX;D;20170613;000000;1.476.0000000;1.506.0000000;1.467.0000000;1.480.0000000;51.486
YNDX;D;20170614;000000;1.490.5000000;1.510.5000000;1.474.0000000;1.482.5000000;37.914
YNDX;D;20170615;000000;1.461.5000000;1.502.0000000;1.430.0000000;1.495.5000000;217.036
YNDX;D;20170616;000000;1.503.0000000;1.508.5000000;1.460.5000000;1.464.5000000;23.282
YNDX;D;20170619;000000;1.468.0000000;1.549.5000000;1.466.5000000;1.541.0000000;44.233
YNDX;D;20170620;000000;1.549.0000000;1.580.0000000;1.544.5000000;1.554.0000000;20.845
YNDX;D;20170621;000000;1.554.0000000;1.605.0000000;1.548.5000000;1.585.0000000;21.339
YNDX;D;20170622;000000;1.595.0000000;1.640.5000000;1.595.0000000;1.618.0000000;63.536
YNDX;D;20170623;000000;1.611.5000000;1.629.5000000;1.575.0000000;1.616.5000000;31.002
YNDX;D;20170626;000000;1.629.5000000;1.643.0000000;1.595.5000000;1.608.0000000;21.154
YNDX;D;20170627;000000;1.614.0000000;1.614.5000000;1.580.5000000;1.582.5000000;28.432
YNDX;D;20170628;000000;1.582.5000000;1.633.0000000;1.552.0000000;1.612.0000000;41.610
YNDX;D;20170629;000000;1.631.0000000;1.639.5000000;1.585.0000000;1.588.0000000;21.624
YNDX;D;20170630;000000;1.588.0000000;1.604.5000000;1.532.5000000;1.536.0000000;46.980
YNDX;D;20170703;000000;1.553.0000000;1.570.0000000;1.538.5000000;1.560.0000000;21.669
YNDX;D;20170704;000000;1.547.0000000;1.579.0000000;1.543.5000000;1.566.5000000;10.408
YNDX;D;20170705;000000;1.570.5000000;1.578.5000000;1.545.0000000;1.558.5000000;15.095
YNDX;D;20170706;000000;1.569.5000000;1.581.5000000;1.550.5000000;1.564.0000000;29.909
YNDX;D;20170707;000000;1.574.5000000;1.592.0000000;1.555.0000000;1.578.5000000;19.820
YNDX;D;20170710;000000;1.581.5000000;1.604.0000000;1.568.0000000;1.594.0000000;25.898
YNDX;D;20170711;000000;1.604.0000000;1.616.0000000;1.579.0000000;1.612.0000000;25.724
YNDX;D;20170712;000000;1.613.0000000;1.681.5000000;1.601.0000000;1.632.0000000;31.789
YNDX;D;20170713;000000;1.650.0000000;2.039.5000000;1.649.5000000;1.898.5000000;637.802
YNDX;D;20170714;000000;1.907.0000000;1.907.0000000;1.842.0000000;1.867.0000000;91.788
YNDX;D;20170717;000000;1.879.0000000;1.889.5000000;1.846.0000000;1.866.0000000;60.597
YNDX;D;20170718;000000;1.865.5000000;1.910.0000000;1.851.0000000;1.867.0000000;64.920
YNDX;D;20170719;000000;1.868.0000000;1.902.0000000;1.835.0000000;1.849.0000000;69.315
YNDX;D;20170720;000000;1.841.0000000;1.859.5000000;1.815.0000000;1.845.0000000;30.626
YNDX;D;20170721;000000;1.845.0000000;1.869.5000000;1.835.0000000;1.856.0000000;28.179
YNDX;D;20170724;000000;1.862.0000000;1.928.5000000;1.857.0000000;1.916.0000000;46.390
YNDX;D;20170725;000000;1.925.0000000;1.927.0000000;1.881.0000000;1.906.0000000;35.605
YNDX;D;20170726;000000;1.903.0000000;1.916.0000000;1.891.5000000;1.899.5000000;21.219
YNDX;D;20170727;000000;1.908.0000000;1.923.5000000;1.879.5000000;1.888.5000000;29.370
YNDX;D;20170728;000000;1.838.0000000;1.850.0000000;1.735.0000000;1.754.5000000;175.921
YNDX;D;20170731;000000;1.763.5000000;1.787.0000000;1.743.0000000;1.743.0000000;27.697
YNDX;D;20170801;000000;1.758.0000000;1.785.0000000;1.739.5000000;1.746.5000000;36.253
YNDX;D;20170802;000000;1.756.0000000;1.767.0000000;1.708.0000000;1.719.0000000;38.174
YNDX;D;20170803;000000;1.710.0000000;1.757.0000000;1.710.0000000;1.744.0000000;40.929
YNDX;D;20170804;000000;1.751.0000000;1.779.5000000;1.732.5000000;1.770.5000000;42.073
YNDX;D;20170807;000000;1.774.5000000;1.811.5000000;1.771.0000000;1.795.5000000;52.609
YNDX;D;20170808;000000;1.801.0000000;1.818.0000000;1.765.5000000;1.792.5000000;40.316
YNDX;D;20170809;000000;1.782.0000000;1.915.0000000;1.760.0000000;1.835.5000000;218.740
YNDX;D;20170810;000000;1.859.5000000;1.872.5000000;1.780.5000000;1.786.0000000;73.096
YNDX;D;20170811;000000;1.774.0000000;1.785.5000000;1.731.5000000;1.731.5000000;55.444
YNDX;D;20170814;000000;1.743.5000000;1.783.5000000;1.743.5000000;1.765.5000000;36.526
YNDX;D;20170815;000000;1.790.5000000;1.808.0000000;1.770.5000000;1.798.0000000;21.030
YNDX;D;20170816;000000;1.805.5000000;1.840.0000000;1.801.0000000;1.818.0000000;28.292
YNDX;D;20170817;000000;1.821.5000000;1.864.5000000;1.820.0000000;1.832.0000000;28.157
YNDX;D;20170818;000000;1.820.0000000;1.820.0000000;1.761.0000000;1.785.0000000;59.783
YNDX;D;20170821;000000;1.775.5000000;1.787.5000000;1.751.0000000;1.769.0000000;39.546
YNDX;D;20170822;000000;1.772.0000000;1.777.5000000;1.745.5000000;1.756.0000000;31.420
YNDX;D;20170823;000000;1.766.0000000;1.783.0000000;1.752.0000000;1.765.0000000;28.661
YNDX;D;20170824;000000;1.771.0000000;1.791.5000000;1.758.0000000;1.768.0000000;39.902
YNDX;D;20170825;000000;1.785.0000000;1.800.0000000;1.745.0000000;1.757.0000000;86.550
YNDX;D;20170828;000000;1.757.0000000;1.769.5000000;1.722.5000000;1.725.5000000;89.485
YNDX;D;20170829;000000;1.732.0000000;1.746.5000000;1.710.5000000;1.743.0000000;32.288
YNDX;D;20170830;000000;1.746.5000000;1.754.0000000;1.720.5000000;1.728.5000000;51.305
YNDX;D;20170831;000000;1.738.0000000;1.775.5000000;1.734.5000000;1.752.0000000;51.101
YNDX;D;20170901;000000;1.751.0000000;1.867.5000000;1.740.0000000;1.820.0000000;113.712
YNDX;D;20170904;000000;1.817.5000000;1.837.5000000;1.817.0000000;1.833.0000000;20.554
YNDX;D;20170905;000000;1.831.5000000;1.886.0000000;1.821.0000000;1.863.0000000;88.227
YNDX;D;20170906;000000;1.861.5000000;1.885.0000000;1.821.0000000;1.843.0000000;50.820
YNDX;D;20170907;000000;1.849.0000000;1.854.0000000;1.798.0000000;1.820.0000000;34.801
YNDX;D;20170908;000000;1.858.0000000;1.897.0000000;1.851.5000000;1.865.5000000;56.820
YNDX;D;20170911;000000;1.851.5000000;1.881.5000000;1.835.5000000;1.867.0000000;78.761
YNDX;D;20170912;000000;1.875.0000000;1.938.0000000;1.875.0000000;1.903.5000000;63.299
YNDX;D;20170913;000000;1.903.0000000;1.925.0000000;1.874.0000000;1.876.0000000;91.458
YNDX;D;20170914;000000;1.879.5000000;1.882.0000000;1.841.0000000;1.858.0000000;78.679
YNDX;D;20170915;000000;1.868.5000000;1.913.5000000;1.850.5000000;1.895.0000000;62.929
YNDX;D;20170918;000000;1.902.5000000;1.908.0000000;1.863.0000000;1.893.5000000;34.221
YNDX;D;20170919;000000;1.883.0000000;1.894.0000000;1.840.0000000;1.872.5000000;56.611
YNDX;D;20170920;000000;1.880.0000000;1.891.0000000;1.863.5000000;1.872.0000000;28.321
YNDX;D;20170921;000000;1.884.0000000;1.894.5000000;1.860.0000000;1.872.0000000;68.000
YNDX;D;20170922;000000;1.872.0000000;1.930.0000000;1.867.0000000;1.922.0000000;71.184
YNDX;D;20170925;000000;1.905.0000000;1.936.0000000;1.846.0000000;1.853.0000000;169.315
YNDX;D;20170926;000000;1.853.5000000;1.885.0000000;1.831.5000000;1.848.0000000;78.559
YNDX;D;20170927;000000;1.858.5000000;1.880.0000000;1.841.0000000;1.867.0000000;45.351
YNDX;D;20170928;000000;1.876.5000000;1.901.5000000;1.846.5000000;1.856.5000000;69.221
YNDX;D;20170929;000000;1.866.0000000;1.877.0000000;1.850.0000000;1.873.0000000;32.277
YNDX;D;20171002;000000;1.882.5000000;1.940.0000000;1.881.5000000;1.906.5000000;79.804
YNDX;D;20171003;000000;1.902.0000000;1.974.5000000;1.901.0000000;1.961.0000000;80.243
YNDX;D;20171004;000000;1.951.0000000;1.992.5000000;1.933.0000000;1.942.5000000;44.684
YNDX;D;20171005;000000;1.934.5000000;1.972.0000000;1.911.0000000;1.925.0000000;54.925
YNDX;D;20171006;000000;1.939.5000000;1.960.0000000;1.890.5000000;1.893.0000000;61.013
YNDX;D;20171009;000000;1.907.5000000;1.924.0000000;1.890.0000000;1.920.0000000;35.162
YNDX;D;20171010;000000;1.904.0000000;1.910.0000000;1.838.0000000;1.840.0000000;135.935
YNDX;D;20171011;000000;1.854.0000000;1.864.0000000;1.830.0000000;1.855.5000000;63.140
YNDX;D;20171012;000000;1.850.0000000;1.878.0000000;1.833.5000000;1.863.0000000;45.177
YNDX;D;20171013;000000;1.864.0000000;1.874.5000000;1.847.5000000;1.858.0000000;73.895
YNDX;D;20171016;000000;1.848.0000000;1.869.5000000;1.825.0000000;1.832.0000000;57.513
YNDX;D;20171017;000000;1.832.0000000;1.852.5000000;1.815.5000000;1.833.0000000;45.784
YNDX;D;20171018;000000;1.832.5000000;1.857.0000000;1.816.0000000;1.852.0000000;52.678
YNDX;D;20171019;000000;1.853.0000000;1.860.0000000;1.830.0000000;1.839.5000000;49.929
YNDX;D;20171020;000000;1.830.0000000;1.839.5000000;1.790.0000000;1.796.0000000;60.694
YNDX;D;20171023;000000;1.796.0000000;1.812.0000000;1.782.0000000;1.799.0000000;44.296
YNDX;D;20171024;000000;1.787.0000000;1.950.0000000;1.743.0000000;1.889.0000000;354.986
YNDX;D;20171025;000000;1.891.0000000;1.908.0000000;1.836.5000000;1.855.0000000;54.987
YNDX;D;20171026;000000;1.859.0000000;1.915.0000000;1.840.0000000;1.896.0000000;85.957
YNDX;D;20171027;000000;1.908.0000000;1.955.0000000;1.890.5000000;1.921.0000000;105.024
YNDX;D;20171030;000000;1.918.5000000;1.918.5000000;1.878.0000000;1.898.0000000;47.439
YNDX;D;20171031;000000;1.902.5000000;1.971.0000000;1.881.5000000;1.950.0000000;113.754
YNDX;D;20171101;000000;1.950.0000000;2.023.5000000;1.950.0000000;1.991.5000000;103.542
YNDX;D;20171102;000000;1.971.5000000;1.984.5000000;1.927.0000000;1.932.0000000;90.071
YNDX;D;20171103;000000;1.957.0000000;1.977.0000000;1.930.0000000;1.965.0000000;46.576
YNDX;D;20171107;000000;1.966.0000000;1.993.5000000;1.943.5000000;1.950.5000000;62.261
YNDX;D;20171108;000000;1.945.0000000;1.969.5000000;1.920.5000000;1.935.5000000;58.153
YNDX;D;20171109;000000;1.948.0000000;1.949.0000000;1.883.0000000;1.890.0000000;70.132
YNDX;D;20171110;000000;1.887.0000000;1.910.0000000;1.855.5000000;1.856.5000000;57.153
YNDX;D;20171113;000000;1.856.0000000;1.875.0000000;1.840.5000000;1.860.0000000;62.277
YNDX;D;20171114;000000;1.869.5000000;1.929.5000000;1.862.0000000;1.890.0000000;92.519
YNDX;D;20171115;000000;1.890.0000000;1.894.0000000;1.857.0000000;1.873.0000000;30.430
YNDX;D;20171116;000000;1.889.0000000;1.926.0000000;1.868.0000000;1.925.5000000;43.257
YNDX;D;20171117;000000;1.926.5000000;1.967.5000000;1.915.0000000;1.949.5000000;53.663
YNDX;D;20171120;000000;1.964.5000000;2.008.0000000;1.950.5000000;2.002.5000000;61.174
YNDX;D;20171121;000000;1.990.0000000;2.060.0000000;1.990.0000000;2.038.0000000;84.388
YNDX;D;20171122;000000;2.030.0000000;2.039.5000000;1.957.5000000;1.975.0000000;66.079
YNDX;D;20171123;000000;1.984.0000000;1.998.5000000;1.980.0000000;1.987.5000000;23.217
YNDX;D;20171124;000000;1.988.0000000;2.079.5000000;1.982.0000000;2.025.0000000;119.155
YNDX;D;20171127;000000;2.033.0000000;2.055.0000000;2.015.0000000;2.017.0000000;61.335
YNDX;D;20171128;000000;2.019.0000000;2.029.5000000;1.988.0000000;1.991.5000000;63.193
YNDX;D;20171129;000000;2.009.0000000;2.030.0000000;1.933.0000000;1.957.0000000;86.974
YNDX;D;20171130;000000;1.945.0000000;1.947.5000000;1.881.0000000;1.940.5000000;30.667
YNDX;D;20171201;000000;1.925.5000000;1.949.5000000;1.916.5000000;1.931.5000000;28.431
YNDX;D;20171204;000000;1.932.0000000;1.939.0000000;1.901.0000000;1.907.0000000;58.476
YNDX;D;20171205;000000;1.900.5000000;1.912.5000000;1.867.0000000;1.899.0000000;57.854
YNDX;D;20171206;000000;1.899.0000000;1.936.5000000;1.889.0000000;1.900.0000000;49.809
YNDX;D;20171207;000000;1.920.0000000;1.949.5000000;1.908.0000000;1.949.5000000;84.763
YNDX;D;20171208;000000;1.949.5000000;1.979.5000000;1.949.5000000;1.957.0000000;33.731
YNDX;D;20171211;000000;1.959.0000000;1.999.0000000;1.958.5000000;1.997.5000000;51.580
YNDX;D;20171212;000000;1.985.5000000;1.989.5000000;1.944.0000000;1.954.0000000;33.762
YNDX;D;20171213;000000;1.935.0000000;1.975.0000000;1.930.0000000;1.938.0000000;54.043
YNDX;D;20171214;000000;1.938.0000000;1.950.0000000;1.909.0000000;1.919.0000000;50.301
YNDX;D;20171215;000000;1.913.0000000;1.915.0000000;1.875.5000000;1.895.0000000;64.596
YNDX;D;20171218;000000;1.895.5000000;1.910.0000000;1.880.0000000;1.892.0000000;36.314
YNDX;D;20171219;000000;1.898.0000000;1.905.0000000;1.872.0000000;1.902.0000000;33.679
YNDX;D;20171220;000000;1.898.5000000;1.906.5000000;1.865.5000000;1.873.5000000;122.117
YNDX;D;20171221;000000;1.885.5000000;1.895.0000000;1.851.5000000;1.884.0000000;50.054
YNDX;D;20171222;000000;1.862.5000000;1.864.5000000;1.832.0000000;1.832.0000000;58.688
YNDX;D;20171225;000000;1.834.0000000;1.852.5000000;1.834.0000000;1.847.0000000;18.185
YNDX;D;20171226;000000;1.851.5000000;1.863.5000000;1.820.0000000;1.840.0000000;63.442
YNDX;D;20171227;000000;1.848.0000000;1.874.5000000;1.846.0000000;1.865.0000000;25.091
YNDX;D;20171228;000000;1.867.5000000;1.885.0000000;1.859.0000000;1.883.5000000;27.016
YNDX;D;20171229;000000;1.878.0000000;1.911.5000000;1.860.5000000;1.894.0000000;20.585
YNDX;D;20180103;000000;1.920.0000000;1.949.5000000;1.915.0000000;1.943.5000000;33.127
YNDX;D;20180104;000000;1.949.5000000;1.985.0000000;1.943.0000000;1.978.0000000;38.178
YNDX;D;20180105;000000;1.965.0000000;1.965.5000000;1.921.0000000;1.942.5000000;23.213
YNDX;D;20180109;000000;1.960.0000000;1.982.0000000;1.954.0000000;1.963.0000000;42.713
YNDX;D;20180110;000000;1.969.0000000;1.980.0000000;1.931.5000000;1.972.0000000;44.374
YNDX;D;20180111;000000;1.963.5000000;1.985.0000000;1.955.0000000;1.963.0000000;40.478
YNDX;D;20180112;000000;1.955.0000000;1.968.0000000;1.945.5000000;1.955.0000000;17.647
YNDX;D;20180115;000000;1.956.0000000;1.979.0000000;1.954.5000000;1.970.0000000;14.687
YNDX;D;20180116;000000;1.964.0000000;2.044.0000000;1.940.5000000;1.992.5000000;118.550
YNDX;D;20180117;000000;1.993.0000000;2.046.5000000;1.981.0000000;2.035.0000000;45.442
YNDX;D;20180118;000000;2.051.5000000;2.100.0000000;2.045.0000000;2.099.0000000;83.619
YNDX;D;20180119;000000;2.112.0000000;2.134.0000000;2.090.5000000;2.098.5000000;48.107
YNDX;D;20180122;000000;2.098.0000000;2.122.5000000;2.080.5000000;2.118.5000000;38.349
YNDX;D;20180123;000000;2.132.5000000;2.145.0000000;2.111.5000000;2.145.0000000;59.496
YNDX;D;20180124;000000;2.150.0000000;2.158.0000000;2.129.5000000;2.138.0000000;18.971
YNDX;D;20180125;000000;2.134.0000000;2.155.0000000;2.105.0000000;2.134.0000000;44.055
YNDX;D;20180126;000000;2.137.0000000;2.179.5000000;2.134.0000000;2.176.0000000;47.179
YNDX;D;20180129;000000;2.199.5000000;2.214.5000000;2.178.5000000;2.197.5000000;29.552
YNDX;D;20180130;000000;2.176.0000000;2.176.0000000;2.120.0000000;2.150.0000000;136.698
YNDX;D;20180131;000000;2.160.5000000;2.196.5000000;2.133.5000000;2.179.0000000;29.158
YNDX;D;20180201;000000;2.172.0000000;2.229.0000000;2.168.0000000;2.202.0000000;67.861
YNDX;D;20180202;000000;2.193.0000000;2.224.5000000;2.115.5000000;2.150.0000000;49.846
YNDX;D;20180205;000000;2.140.5000000;2.172.0000000;2.113.5000000;2.150.0000000;39.726
YNDX;D;20180206;000000;2.071.0000000;2.130.0000000;2.048.5000000;2.054.5000000;114.144
YNDX;D;20180207;000000;2.106.0000000;2.174.0000000;2.100.5000000;2.140.5000000;48.058
YNDX;D;20180208;000000;2.126.5000000;2.187.0000000;2.125.5000000;2.159.0000000;60.895
YNDX;D;20180209;000000;2.090.0000000;2.107.0000000;2.062.0000000;2.086.5000000;80.483
YNDX;D;20180212;000000;2.109.0000000;2.135.0000000;2.102.0000000;2.127.0000000;47.944
YNDX;D;20180213;000000;2.119.5000000;2.141.5000000;2.111.0000000;2.135.0000000;70.378
YNDX;D;20180214;000000;2.155.0000000;2.220.5000000;2.144.0000000;2.200.0000000;94.995
YNDX;D;20180215;000000;2.230.5000000;2.420.0000000;2.211.0000000;2.283.5000000;381.640
YNDX;D;20180216;000000;2.341.0000000;2.374.0000000;2.291.5000000;2.371.5000000;133.549
YNDX;D;20180219;000000;2.367.5000000;2.430.0000000;2.361.0000000;2.416.5000000;47.577
YNDX;D;20180220;000000;2.420.0000000;2.439.0000000;2.376.5000000;2.413.0000000;54.816
YNDX;D;20180221;000000;2.429.5000000;2.474.5000000;2.418.0000000;2.473.5000000;86.040
YNDX;D;20180222;000000;2.469.5000000;2.494.0000000;2.410.5000000;2.435.5000000;73.258
YNDX;D;20180226;000000;2.449.0000000;2.450.0000000;2.362.0000000;2.383.0000000;81.045
YNDX;D;20180227;000000;2.362.0000000;2.391.0000000;2.320.5000000;2.386.0000000;68.500
YNDX;D;20180228;000000;2.362.5000000;2.385.0000000;2.327.0000000;2.343.5000000;35.038
YNDX;D;20180301;000000;2.329.5000000;2.344.5000000;2.300.5000000;2.310.0000000;49.309
YNDX;D;20180302;000000;2.307.0000000;2.310.0000000;2.241.0000000;2.280.5000000;90.805
YNDX;D;20180305;000000;2.316.0000000;2.372.0000000;2.313.5000000;2.347.5000000;46.502
YNDX;D;20180306;000000;2.377.0000000;2.395.0000000;2.351.0000000;2.389.5000000;71.962
YNDX;D;20180307;000000;2.399.0000000;2.439.5000000;2.368.0000000;2.427.5000000;78.708
YNDX;D;20180309;000000;2.474.0000000;2.519.0000000;2.451.0000000;2.469.0000000;45.125
YNDX;D;20180312;000000;2.465.0000000;2.486.0000000;2.439.5000000;2.450.0000000;57.515
YNDX;D;20180313;000000;2.449.0000000;2.476.0000000;2.385.0000000;2.415.0000000;67.323
YNDX;D;20180314;000000;2.424.5000000;2.439.5000000;2.394.0000000;2.430.5000000;44.268
YNDX;D;20180315;000000;2.444.0000000;2.469.0000000;2.415.5000000;2.446.0000000;81.508
YNDX;D;20180316;000000;2.440.5000000;2.450.0000000;2.418.0000000;2.436.0000000;25.193
YNDX;D;20180319;000000;2.435.0000000;2.452.0000000;2.406.5000000;2.426.0000000;28.486
YNDX;D;20180320;000000;2.428.0000000;2.485.5000000;2.427.0000000;2.463.0000000;37.037
YNDX;D;20180321;000000;2.478.5000000;2.497.5000000;2.450.0000000;2.497.5000000;33.640
YNDX;D;20180322;000000;2.481.0000000;2.481.5000000;2.375.5000000;2.385.0000000;68.071
YNDX;D;20180323;000000;2.390.0000000;2.425.0000000;2.372.0000000;2.385.5000000;60.192
YNDX;D;20180326;000000;2.375.5000000;2.405.0000000;2.314.0000000;2.344.0000000;81.365
YNDX;D;20180327;000000;2.369.5000000;2.393.5000000;2.351.5000000;2.364.0000000;39.240
YNDX;D;20180328;000000;2.339.5000000;2.339.5000000;2.234.0000000;2.265.0000000;94.132
YNDX;D;20180329;000000;2.282.0000000;2.328.5000000;2.271.0000000;2.314.0000000;82.008
YNDX;D;20180330;000000;2.288.5000000;2.307.5000000;2.260.0000000;2.287.0000000;30.277
YNDX;D;20180402;000000;2.290.0000000;2.290.0000000;2.244.0000000;2.253.0000000;48.226
YNDX;D;20180403;000000;2.250.0000000;2.294.0000000;2.240.0000000;2.263.0000000;51.466
YNDX;D;20180404;000000;2.255.0000000;2.255.0000000;2.202.0000000;2.249.5000000;69.263
YNDX;D;20180405;000000;2.265.0000000;2.318.0000000;2.265.0000000;2.315.0000000;56.004
YNDX;D;20180406;000000;2.311.0000000;2.318.0000000;2.292.0000000;2.312.0000000;36.394
YNDX;D;20180409;000000;2.308.5000000;2.313.0000000;2.077.0000000;2.124.0000000;192.944
YNDX;D;20180410;000000;2.091.0000000;2.205.0000000;2.048.0000000;2.174.5000000;158.788
YNDX;D;20180411;000000;2.165.5000000;2.244.5000000;2.140.5000000;2.240.0000000;118.651
YNDX;D;20180412;000000;2.218.0000000;2.349.5000000;2.130.0000000;2.161.5000000;306.563
YNDX;D;20180413;000000;2.139.5000000;2.250.0000000;2.060.5000000;2.083.5000000;257.105
YNDX;D;20180416;000000;2.052.0000000;2.110.0000000;1.995.0000000;2.020.5000000;190.633
YNDX;D;20180417;000000;2.147.5000000;2.222.5000000;2.067.5000000;2.103.5000000;126.975
YNDX;D;20180418;000000;2.080.0000000;2.167.0000000;2.075.0000000;2.142.0000000;227.818
YNDX;D;20180419;000000;2.160.0000000;2.216.0000000;2.089.0000000;2.096.5000000;250.559
YNDX;D;20180420;000000;2.104.0000000;2.137.5000000;2.068.0000000;2.084.5000000;79.660
YNDX;D;20180423;000000;2.090.0000000;2.192.0000000;2.086.0000000;2.140.5000000;150.633
YNDX;D;20180424;000000;2.142.0000000;2.160.0000000;2.094.5000000;2.105.5000000;169.932
YNDX;D;20180425;000000;2.098.5000000;2.140.0000000;1.982.0000000;2.025.0000000;481.669
YNDX;D;20180426;000000;2.056.0000000;2.094.5000000;2.041.0000000;2.061.0000000;178.831
YNDX;D;20180427;000000;2.070.5000000;2.088.0000000;1.994.0000000;2.015.5000000;290.886
YNDX;D;20180428;000000;2.034.5000000;2.040.0000000;2.021.0000000;2.030.0000000;34.892
YNDX;D;20180430;000000;2.035.5000000;2.110.0000000;2.020.0000000;2.097.5000000;111.911
YNDX;D;20180502;000000;2.106.5000000;2.220.0000000;2.070.5000000;2.215.0000000;260.358
YNDX;D;20180503;000000;2.203.0000000;2.203.0000000;2.114.0000000;2.128.0000000;141.659
YNDX;D;20180504;000000;2.148.5000000;2.149.5000000;2.082.0000000;2.107.0000000;79.887
YNDX;D;20180507;000000;2.118.0000000;2.166.5000000;2.107.5000000;2.152.5000000;92.193
YNDX;D;20180508;000000;2.152.5000000;2.172.5000000;2.111.0000000;2.127.5000000;77.706
YNDX;D;20180510;000000;2.145.5000000;2.200.0000000;2.137.0000000;2.190.0000000;125.032
YNDX;D;20180511;000000;2.186.0000000;2.211.0000000;2.170.5000000;2.201.0000000;115.363
YNDX;D;20180514;000000;2.192.0000000;2.204.0000000;2.155.0000000;2.186.0000000;99.234
YNDX;D;20180515;000000;2.172.0000000;2.178.5000000;2.105.5000000;2.118.5000000;115.866
YNDX;D;20180516;000000;2.119.0000000;2.147.5000000;2.101.0000000;2.114.0000000;90.374
YNDX;D;20180517;000000;2.112.5000000;2.135.0000000;2.102.0000000;2.131.0000000;57.791
YNDX;D;20180518;000000;2.120.5000000;2.129.0000000;2.107.5000000;2.119.5000000;53.079
YNDX;D;20180521;000000;2.123.0000000;2.163.5000000;2.123.0000000;2.142.0000000;111.107
YNDX;D;20180522;000000;2.148.5000000;2.149.0000000;2.110.5000000;2.122.5000000;45.641
YNDX;D;20180523;000000;2.100.5000000;2.114.5000000;2.075.0000000;2.086.5000000;85.806
YNDX;D;20180524;000000;2.103.5000000;2.125.0000000;2.086.0000000;2.094.0000000;112.954
YNDX;D;20180525;000000;2.084.5000000;2.097.0000000;2.070.0000000;2.089.0000000;66.104
YNDX;D;20180528;000000;2.089.0000000;2.104.0000000;2.078.0000000;2.102.5000000;31.576
YNDX;D;20180529;000000;2.102.0000000;2.129.0000000;2.059.0000000;2.079.0000000;98.056
YNDX;D;20180530;000000;2.059.5000000;2.072.0000000;2.025.5000000;2.072.0000000;99.468
YNDX;D;20180531;000000;2.072.0000000;2.110.0000000;2.070.0000000;2.076.5000000;73.436
YNDX;D;20180601;000000;2.090.0000000;2.139.5000000;2.084.5000000;2.137.0000000;136.869
YNDX;D;20180604;000000;2.137.0000000;2.179.0000000;2.129.0000000;2.163.5000000;93.803
YNDX;D;20180605;000000;2.188.5000000;2.255.5000000;2.177.5000000;2.213.0000000;183.510
YNDX;D;20180606;000000;2.216.0000000;2.239.0000000;2.193.5000000;2.214.0000000;67.847
YNDX;D;20180607;000000;2.233.5000000;2.233.5000000;2.160.0000000;2.175.0000000;82.175
YNDX;D;20180608;000000;2.159.5000000;2.159.5000000;2.117.0000000;2.144.0000000;104.430
YNDX;D;20180609;000000;2.150.5000000;2.167.5000000;2.146.0000000;2.159.0000000;11.154
YNDX;D;20180611;000000;2.164.0000000;2.211.5000000;2.143.0000000;2.192.5000000;74.234
YNDX;D;20180613;000000;2.252.5000000;2.325.0000000;2.251.5000000;2.290.5000000;229.911
YNDX;D;20180614;000000;2.287.0000000;2.301.5000000;2.257.0000000;2.292.0000000;103.869
YNDX;D;20180615;000000;2.300.0000000;2.309.5000000;2.256.0000000;2.268.0000000;68.260
YNDX;D;20180618;000000;2.268.5000000;2.302.5000000;2.240.5000000;2.287.0000000;99.339
YNDX;D;20180619;000000;2.311.5000000;2.320.0000000;2.265.0000000;2.295.0000000;98.968
YNDX;D;20180620;000000;2.291.0000000;2.332.0000000;2.286.0000000;2.301.5000000;79.383
YNDX;D;20180621;000000;2.308.0000000;2.311.0000000;2.246.0000000;2.270.5000000;73.601
YNDX;D;20180622;000000;2.268.5000000;2.268.5000000;2.190.0000000;2.220.0000000;98.371
YNDX;D;20180625;000000;2.225.5000000;2.231.0000000;2.165.5000000;2.177.0000000;132.808
YNDX;D;20180626;000000;2.179.5000000;2.197.5000000;2.150.5000000;2.185.0000000;102.119
YNDX;D;20180627;000000;2.197.5000000;2.245.0000000;2.189.0000000;2.227.5000000;100.522
YNDX;D;20180628;000000;2.204.5000000;2.206.0000000;2.165.0000000;2.193.5000000;78.163
YNDX;D;20180629;000000;2.206.0000000;2.261.0000000;2.201.5000000;2.244.0000000;101.378
YNDX;D;20180702;000000;2.238.5000000;2.271.5000000;2.223.0000000;2.257.5000000;68.860
YNDX;D;20180703;000000;2.280.0000000;2.290.0000000;2.240.5000000;2.240.5000000;55.967
YNDX;D;20180704;000000;2.243.0000000;2.245.0000000;2.225.0000000;2.236.0000000;20.404
YNDX;D;20180705;000000;2.231.0000000;2.256.5000000;2.210.0000000;2.226.0000000;75.771
YNDX;D;20180706;000000;2.266.5000000;2.325.0000000;2.256.0000000;2.315.0000000;96.819
YNDX;D;20180709;000000;2.322.0000000;2.357.0000000;2.314.5000000;2.316.5000000;66.188
YNDX;D;20180710;000000;2.331.5000000;2.351.0000000;2.300.0000000;2.302.5000000;63.429
YNDX;D;20180711;000000;2.291.0000000;2.320.0000000;2.259.0000000;2.303.0000000;64.672
YNDX;D;20180712;000000;2.290.5000000;2.349.5000000;2.281.5000000;2.345.0000000;54.490
YNDX;D;20180713;000000;2.378.0000000;2.399.0000000;2.353.0000000;2.390.0000000;94.215
YNDX;D;20180716;000000;2.382.0000000;2.382.0000000;2.310.0000000;2.333.0000000;64.526
YNDX;D;20180717;000000;2.333.0000000;2.425.0000000;2.312.0000000;2.420.0000000;85.648
YNDX;D;20180718;000000;2.419.5000000;2.419.5000000;2.370.5000000;2.398.5000000;90.248
YNDX;D;20180719;000000;2.390.5000000;2.414.0000000;2.364.0000000;2.364.5000000;94.484
YNDX;D;20180720;000000;2.341.0000000;2.348.0000000;2.290.0000000;2.329.5000000;93.933
YNDX;D;20180723;000000;2.338.5000000;2.344.5000000;2.306.5000000;2.333.0000000;50.543
YNDX;D;20180724;000000;2.345.0000000;2.419.0000000;2.340.5000000;2.377.0000000;76.406
YNDX;D;20180725;000000;2.363.0000000;2.396.0000000;2.353.0000000;2.391.5000000;80.469
YNDX;D;20180726;000000;2.410.5000000;2.499.5000000;2.348.0000000;2.430.0000000;365.240
YNDX;D;20180727;000000;2.384.5000000;2.431.0000000;2.355.0000000;2.388.0000000;110.722
YNDX;D;20180730;000000;2.348.5000000;2.364.5000000;2.232.5000000;2.242.5000000;220.645
YNDX;D;20180731;000000;2.240.0000000;2.284.0000000;2.220.5000000;2.250.0000000;139.929
YNDX;D;20180801;000000;2.257.5000000;2.295.0000000;2.253.0000000;2.272.0000000;144.950
YNDX;D;20180802;000000;2.266.0000000;2.279.5000000;2.210.5000000;2.237.0000000;91.851
YNDX;D;20180803;000000;2.260.5000000;2.273.0000000;2.241.5000000;2.252.5000000;77.474
YNDX;D;20180806;000000;2.255.0000000;2.276.0000000;2.225.0000000;2.230.5000000;63.591
YNDX;D;20180807;000000;2.240.0000000;2.290.0000000;2.231.5000000;2.272.5000000;103.698
YNDX;D;20180808;000000;2.255.5000000;2.274.5000000;2.156.0000000;2.185.0000000;189.472
YNDX;D;20180809;000000;2.141.0000000;2.185.0000000;2.102.5000000;2.132.0000000;248.892
YNDX;D;20180810;000000;2.133.5000000;2.145.0000000;2.080.0000000;2.128.0000000;167.754
YNDX;D;20180813;000000;2.134.5000000;2.170.0000000;2.120.0000000;2.152.5000000;96.040
YNDX;D;20180814;000000;2.167.5000000;2.184.0000000;2.111.0000000;2.150.0000000;237.583
YNDX;D;20180815;000000;2.135.0000000;2.141.5000000;2.061.5000000;2.091.0000000;195.495
YNDX;D;20180816;000000;2.102.5000000;2.140.0000000;2.100.5000000;2.123.5000000;75.480
YNDX;D;20180817;000000;2.123.5000000;2.137.0000000;2.082.5000000;2.099.0000000;87.886
YNDX;D;20180820;000000;2.108.0000000;2.145.0000000;2.100.5000000;2.133.5000000;71.539
YNDX;D;20180821;000000;2.134.0000000;2.168.0000000;2.115.0000000;2.164.0000000;62.565
YNDX;D;20180822;000000;2.163.0000000;2.170.5000000;2.125.0000000;2.137.0000000;76.855
YNDX;D;20180823;000000;2.145.0000000;2.165.5000000;2.110.0000000;2.120.0000000;110.275
YNDX;D;20180824;000000;2.120.0000000;2.130.0000000;2.104.0000000;2.115.0000000;68.478
YNDX;D;20180827;000000;2.142.0000000;2.163.0000000;2.124.5000000;2.151.0000000;61.720
YNDX;D;20180828;000000;2.159.0000000;2.184.5000000;2.148.0000000;2.153.5000000;83.226
YNDX;D;20180829;000000;2.154.0000000;2.170.0000000;2.149.5000000;2.168.5000000;35.833
YNDX;D;20180830;000000;2.170.0000000;2.173.0000000;2.122.5000000;2.142.0000000;70.997
YNDX;D;20180831;000000;2.132.0000000;2.160.0000000;2.113.5000000;2.150.0000000;89.028
YNDX;D;20180903;000000;2.159.0000000;2.180.0000000;2.159.0000000;2.179.5000000;24.162
YNDX;D;20180904;000000;2.183.5000000;2.194.5000000;2.146.5000000;2.168.0000000;76.609
YNDX;D;20180905;000000;2.170.0000000;2.185.5000000;2.106.0000000;2.125.0000000;122.387
YNDX;D;20180906;000000;2.122.5000000;2.133.5000000;2.075.0000000;2.105.5000000;108.903
YNDX;D;20180907;000000;2.080.0000000;2.109.0000000;2.055.0000000;2.098.5000000;142.427
YNDX;D;20180910;000000;2.108.0000000;2.125.0000000;2.097.0000000;2.111.5000000;47.038
YNDX;D;20180911;000000;2.123.5000000;2.124.5000000;2.080.0000000;2.094.5000000;58.359
YNDX;D;20180912;000000;2.095.0000000;2.111.5000000;2.035.0000000;2.066.5000000;104.779
YNDX;D;20180913;000000;2.071.0000000;2.159.0000000;2.070.5000000;2.132.0000000;156.048
YNDX;D;20180914;000000;2.144.0000000;2.195.0000000;2.126.0000000;2.187.0000000;98.413
YNDX;D;20180917;000000;2.194.0000000;2.208.5000000;2.135.0000000;2.148.0000000;82.800
YNDX;D;20180918;000000;2.129.5000000;2.150.0000000;2.110.5000000;2.144.5000000;115.420
YNDX;D;20180919;000000;2.146.5000000;2.163.5000000;2.121.0000000;2.145.0000000;96.613
YNDX;D;20180920;000000;2.152.5000000;2.219.0000000;2.150.5000000;2.174.5000000;197.607
YNDX;D;20180921;000000;2.185.0000000;2.217.5000000;2.166.0000000;2.204.0000000;100.048
YNDX;D;20180924;000000;2.199.5000000;2.201.0000000;2.145.0000000;2.193.5000000;94.288
YNDX;D;20180925;000000;2.196.0000000;2.214.5000000;2.184.0000000;2.213.0000000;59.033
YNDX;D;20180926;000000;2.213.0000000;2.230.5000000;2.197.5000000;2.216.0000000;67.988
YNDX;D;20180927;000000;2.193.0000000;2.233.0000000;2.180.0000000;2.185.0000000;116.329
YNDX;D;20180928;000000;2.187.0000000;2.196.5000000;2.140.5000000;2.160.5000000;89.313
YNDX;D;20181001;000000;2.168.0000000;2.184.5000000;2.130.0000000;2.134.0000000;80.755
YNDX;D;20181002;000000;2.136.0000000;2.146.0000000;2.093.5000000;2.136.5000000;131.248
YNDX;D;20181003;000000;2.143.5000000;2.179.0000000;2.137.0000000;2.172.5000000;84.631
YNDX;D;20181004;000000;2.181.0000000;2.189.5000000;2.139.0000000;2.157.5000000;217.218
YNDX;D;20181005;000000;2.151.0000000;2.180.5000000;2.105.5000000;2.143.0000000;140.287
YNDX;D;20181008;000000;2.153.0000000;2.204.5000000;2.130.0000000;2.170.5000000;153.631
YNDX;D;20181009;000000;2.198.0000000;2.249.0000000;2.186.5000000;2.220.0000000;134.223
YNDX;D;20181010;000000;2.215.5000000;2.227.0000000;2.128.0000000;2.146.0000000;139.205
YNDX;D;20181011;000000;2.119.0000000;2.165.5000000;2.097.0000000;2.118.0000000;191.806
YNDX;D;20181012;000000;2.130.5000000;2.169.5000000;2.120.5000000;2.140.0000000;74.884
YNDX;D;20181015;000000;2.152.0000000;2.181.5000000;2.121.0000000;2.178.0000000;81.153
YNDX;D;20181016;000000;2.178.0000000;2.327.5000000;2.160.5000000;2.307.0000000;225.362
YNDX;D;20181017;000000;2.309.0000000;2.330.5000000;2.285.5000000;2.310.0000000;108.686
YNDX;D;20181018;000000;2.322.0000000;2.356.5000000;2.185.0000000;2.235.0000000;386.244
YNDX;D;20181019;000000;2.012.0000000;2.095.0000000;1.736.0000000;1.790.0000000;3.383.592
YNDX;D;20181022;000000;1.830.5000000;1.990.0000000;1.687.5000000;1.755.0000000;3.146.067
YNDX;D;20181023;000000;1.765.0000000;1.837.5000000;1.717.0000000;1.760.0000000;1.004.034
YNDX;D;20181024;000000;1.769.5000000;1.819.5000000;1.765.0000000;1.781.0000000;590.970
YNDX;D;20181025;000000;1.749.0000000;1.789.5000000;1.710.0000000;1.777.0000000;409.951
YNDX;D;20181026;000000;1.770.5000000;1.787.0000000;1.722.5000000;1.761.5000000;403.880
YNDX;D;20181029;000000;1.776.5000000;1.928.5000000;1.770.5000000;1.859.5000000;1.334.462
YNDX;D;20181030;000000;1.829.0000000;1.885.0000000;1.800.0000000;1.843.0000000;611.227
YNDX;D;20181031;000000;1.875.5000000;1.975.0000000;1.854.0000000;1.916.5000000;1.292.180
YNDX;D;20181101;000000;1.964.0000000;1.999.0000000;1.935.0000000;1.999.0000000;859.711
YNDX;D;20181102;000000;2.007.0000000;2.041.5000000;1.977.0000000;1.995.0000000;800.355
YNDX;D;20181106;000000;2.001.0000000;2.019.0000000;1.984.0000000;2.002.0000000;295.198
YNDX;D;20181107;000000;1.999.5000000;2.005.5000000;1.970.0000000;1.995.0000000;238.352
YNDX;D;20181108;000000;1.986.0000000;1.999.5000000;1.959.0000000;1.982.0000000;282.783
YNDX;D;20181109;000000;1.954.5000000;1.964.0000000;1.902.5000000;1.921.5000000;298.308
YNDX;D;20181112;000000;1.929.0000000;1.939.0000000;1.873.0000000;1.886.0000000;341.627
YNDX;D;20181113;000000;1.883.5000000;1.925.5000000;1.875.0000000;1.903.5000000;269.889
YNDX;D;20181114;000000;1.907.0000000;1.964.5000000;1.894.0000000;1.940.0000000;253.760
YNDX;D;20181115;000000;1.949.0000000;1.957.5000000;1.913.0000000;1.920.0000000;179.266
YNDX;D;20181116;000000;1.933.5000000;1.951.0000000;1.907.5000000;1.916.0000000;163.951
YNDX;D;20181119;000000;1.927.0000000;1.944.5000000;1.915.5000000;1.924.5000000;135.821
YNDX;D;20181120;000000;1.914.5000000;1.915.0000000;1.851.0000000;1.902.0000000;232.318
YNDX;D;20181121;000000;1.877.5000000;1.923.0000000;1.872.0000000;1.909.0000000;214.781
YNDX;D;20181122;000000;1.924.0000000;1.930.0000000;1.915.5000000;1.921.0000000;63.156
YNDX;D;20181123;000000;1.916.0000000;1.917.0000000;1.871.0000000;1.898.5000000;182.307
YNDX;D;20181126;000000;1.894.0000000;1.924.5000000;1.851.0000000;1.920.0000000;309.979
YNDX;D;20181127;000000;1.924.0000000;1.949.0000000;1.915.0000000;1.945.0000000;136.938
YNDX;D;20181128;000000;1.950.0000000;1.977.0000000;1.935.5000000;1.945.5000000;234.627
YNDX;D;20181129;000000;1.977.0000000;1.998.0000000;1.950.0000000;1.967.5000000;231.774
YNDX;D;20181130;000000;1.950.0000000;1.971.0000000;1.930.0000000;1.965.0000000;119.031
